Workbook

Sheet N_st
C1: 1 | D1: 2 | E1: 3 | F1: 8 | G1: 9 | H1: 10 | I1: 11 | J1: 12 | K1: 13 | L1: 14 | M1: 15 | N1: 16 | O1: 17 | P1: 18 | Q1: 19 | R1: 20 | S1: 21 | T1: 22 | U1: 23 | V1: 24 | W1: 25 | X1: 26 | Y1: 28 | Z1: 30 | AA1: 31 | AB1: 32 | AC1: 33 | AD1: 111 | AE1: 112 | AF1: 201 | AG1: 202 | AH1: 203 | AI1: 4957 | AJ1: 4956 | AK1: 4955 | AL1: 4954 | AM1: 4999 | AN1: 5000 | AO1: 5001 | AP1: 5002 | AQ1: 5003 | AR1: 4993 | AS1: 4994 | AT1: 4995 | AU1: 4996 | AV1: 2 | AW1: 4 | AX1: 5 | AY1: 6 | AZ1: 8 | BA1: 10 | BB1: 15 | BC1: 17 | BD1: 23 | BE1: 25 | BF1: 27 | BG1: 31 | BH1: 33 | BI1: 37 | BJ1: 39 | BK1: 40 | BL1: 41 | BM1: 43 | BN1: 44 | BO1: 45 | BP1: 47 | BQ1: 48 | BR1: 50 | BS1: 51 | BT1: 53 | BU1: 54 | BV1: 55 | BW1: 57 | BX1: 58 | BY1: 4972_pr | BZ1: 4989_pr | CA1: 5006_pr | CB1: 5007_pr | CC1: 5032_pr | CD1: 5033_pr
A2: Anthozoa | B2: Tealia felina | C2: 0 | D2: 0 | E2: 0 | F2: 0 | G2: 9.99999 | H2: 3.33333 | I2: 0 | J2: 0 | K2: 0 | L2: 0 | M2: 0 | N2: 0 | O2: 0 | P2: 0 | Q2: 3.33333 | R2: 0 | S2: 0 | T2: 0 | U2: 0 | V2: 0 | W2: 0 | X2: 0 | Y2: 0 | Z2: 0 | AA2: 16.66665 | AB2: 0 | AC2: 0 | AD2: 0 | AE2: 0 | AF2: 0 | AG2: 0 | AH2: 0 | AI2: 0 | AJ2: 0 | AK2: 0 | AL2: 0 | AM2: 2 | AN2: 2 | AO2: 0 | AP2: 4 | AQ2: 0 | AR2: 0 | AS2: 0 | AT2: 0 | AU2: 0 | AV2: 0 | AW2: 0 | AX2: 0 | AY2: 0 | AZ2: 0 | BA2: 0 | BB2: 0 | BC2: 0 | BD2: 0 | BE2: 0 | BF2: 0 | BG2: 0 | BH2: 0 | BI2: 0 | BJ2: 0 | BK2: 0 | BL2: 0 | BM2: 0 | BN2: 0 | BO2: 0 | BP2: 0 | BQ2: 0 | BR2: 0 | BS2: 0 | BT2: 0 | BU2: 0 | BV2: 0 | BW2: 0 | BX2: 0 | BY2: 1.33332 | BZ2: 2.66664 | CA2: 0 | CB2: 0 | CC2: 0 | CD2: 0
A3: Anthozoa | B3: Edwardsia sp. | C3: 0 | D3: 0 | E3: 9.99999 | F3: 9.99999 | G3: 0 | H3: 0 | I3: 0 | J3: 0 | K3: 0 | L3: 6.66666 | M3: 0 | N3: 0 | O3: 0 | P3: 6.66666 | Q3: 3.33333 | R3: 0 | S3: 3.33333 | T3: 9.99999 | U3: 0 | V3: 3.33333 | W3: 0 | X3: 3.33333 | Y3: 0 | Z3: 0 | AA3: 119.99988 | AB3: 0 | AC3: 6.66666 | AD3: 0 | AE3: 0 | AF3: 0 | AG3: 0 | AH3: 0 | AI3: 0 | AJ3: 0 | AK3: 0 | AL3: 0 | AM3: 0 | AN3: 0 | AO3: 0 | AP3: 0 | AQ3: 0 | AR3: 0 | AS3: 0 | AT3: 0 | AU3: 0 | AV3: 0 | AW3: 0 | AX3: 0 | AY3: 0 | AZ3: 0 | BA3: 0 | BB3: 0 | BC3: 0 | BD3: 0 | BE3: 0 | BF3: 0 | BG3: 0 | BH3: 0 | BI3: 0 | BJ3: 0 | BK3: 0 | BL3: 0 | BM3: 0 | BN3: 0 | BO3: 0 | BP3: 0 | BQ3: 0 | BR3: 0 | BS3: 0 | BT3: 0 | BU3: 0 | BV3: 8 | BW3: 0 | BX3: 0 | BY3: 0 | BZ3: 0 | CA3: 0 | CB3: 0 | CC3: 0 | CD3: 0
A4: Anthozoa | B4: Paraedwardsia arenaria | C4: 0 | D4: 0 | E4: 19.99998 | F4: 0 | G4: 0 | H4: 0 | I4: 0 | J4: 0 | K4: 0 | L4: 0 | M4: 0 | N4: 0 | O4: 0 | P4: 0 | Q4: 0 | R4: 19.99998 | S4: 13.33332 | T4: 6.66666 | U4: 0 | V4: 0 | W4: 0 | X4: 6.66666 | Y4: 9.99999 | Z4: 16.66665 | AA4: 3.33333 | AB4: 6.66666 | AC4: 36.66663 | AD4: 0 | AE4: 3.33333 | AF4: 0 | AG4: 16.66665 | AH4: 3.33333 | AI4: 0 | AJ4: 0 | AK4: 0 | AL4: 0 | AM4: 0 | AN4: 0 | AO4: 0 | AP4: 6 | AQ4: 0 | AR4: 0 | AS4: 0 | AT4: 0 | AU4: 0 | AV4: 0 | AW4: 0 | AX4: 0 | AY4: 0 | AZ4: 0 | BA4: 0 | BB4: 0 | BC4: 0 | BD4: 0 | BE4: 0 | BF4: 0 | BG4: 0 | BH4: 0 | BI4: 0 | BJ4: 0 | BK4: 0 | BL4: 0 | BM4: 0 | BN4: 0 | BO4: 0 | BP4: 0 | BQ4: 0 | BR4: 0 | BS4: 0 | BT4: 0 | BU4: 0 | BV4: 0 | BW4: 0 | BX4: 0 | BY4: 17.33316 | BZ4: 25.33308 | CA4: 0 | CB4: 0 | CC4: 12 | CD4: 13.6
A5: Anthozoa | B5: Cerianthus lloydi | C5: 3.33333 | D5: 0 | E5: 0 | F5: 0 | G5: 0 | H5: 0 | I5: 0 | J5: 0 | K5: 0 | L5: 0 | M5: 0 | N5: 0 | O5: 0 | P5: 0 | Q5: 0 | R5: 0 | S5: 0 | T5: 0 | U5: 0 | V5: 0 | W5: 0 | X5: 0 | Y5: 0 | Z5: 0 | AA5: 0 | AB5: 0 | AC5: 0 | AD5: 0 | AE5: 0 | AF5: 0 | AG5: 0 | AH5: 0 | AI5: 0 | AJ5: 0 | AK5: 0 | AL5: 0 | AM5: 0 | AN5: 0 | AO5: 0 | AP5: 0 | AQ5: 0 | AR5: 0 | AS5: 0 | AT5: 0 | AU5: 0 | AV5: 0 | AW5: 0 | AX5: 0 | AY5: 0 | AZ5: 0 | BA5: 0 | BB5: 0 | BC5: 0 | BD5: 0 | BE5: 0 | BF5: 0 | BG5: 0 | BH5: 0 | BI5: 0 | BJ5: 0 | BK5: 0 | BL5: 0 | BM5: 0 | BN5: 0 | BO5: 0 | BP5: 0 | BQ5: 0 | BR5: 0 | BS5: 0 | BT5: 0 | BU5: 0 | BV5: 0 | BW5: 0 | BX5: 0 | BY5: 0 | BZ5: 0 | CA5: 0 | CB5: 0 | CC5: 0 | CD5: 0
A6: Anthozoa | B6: Alcionacea sp.A | C6: 0 | D6: 0 | E6: 0 | F6: 0 | G6: 0 | H6: 0 | I6: 0 | J6: 0 | K6: 0 | L6: 0 | M6: 0 | N6: 0 | O6: 0 | P6: 0 | Q6: 0 | R6: 0 | S6: 0 | T6: 0 | U6: 0 | V6: 0 | W6: 0 | X6: 0 | Y6: 0 | Z6: 0 | AA6: 0 | AB6: 0 | AC6: 0 | AD6: 0 | AE6: 0 | AF6: 0 | AG6: 0 | AH6: 0 | AI6: 10 | AJ6: 0 | AK6: 0 | AL6: 0 | AM6: 0 | AN6: 0 | AO6: 0 | AP6: 0 | AQ6: 0 | AR6: 0 | AS6: 0 | AT6: 0 | AU6: 0 | AV6: 0 | AW6: 0 | AX6: 0 | AY6: 0 | AZ6: 0 | BA6: 0 | BB6: 0 | BC6: 0 | BD6: 0 | BE6: 0 | BF6: 0 | BG6: 0 | BH6: 0 | BI6: 0 | BJ6: 0 | BK6: 0 | BL6: 0 | BM6: 0 | BN6: 0 | BO6: 0 | BP6: 0 | BQ6: 0 | BR6: 0 | BS6: 0 | BT6: 0 | BU6: 0 | BV6: 0 | BW6: 0 | BX6: 0 | BY6: 0 | BZ6: 0 | CA6: 0 | CB6: 0 | CC6: 0 | CD6: 0
A7: Anthozoa | B7: Alcionacea sp.B | C7: 0 | D7: 0 | E7: 0 | F7: 0 | G7: 0 | H7: 0 | I7: 0 | J7: 0 | K7: 0 | L7: 0 | M7: 0 | N7: 0 | O7: 0 | P7: 0 | Q7: 0 | R7: 0 | S7: 0 | T7: 0 | U7: 0 | V7: 0 | W7: 0 | X7: 0 | Y7: 0 | Z7: 0 | AA7: 0 | AB7: 0 | AC7: 0 | AD7: 0 | AE7: 0 | AF7: 0 | AG7: 0 | AH7: 0 | AI7: 0 | AJ7: 0 | AK7: 0 | AL7: 0 | AM7: 0 | AN7: 0 | AO7: 0 | AP7: 0 | AQ7: 2 | AR7: 0 | AS7: 0 | AT7: 0 | AU7: 0 | AV7: 0 | AW7: 0 | AX7: 0 | AY7: 0 | AZ7: 0 | BA7: 0 | BB7: 0 | BC7: 0 | BD7: 0 | BE7: 0 | BF7: 0 | BG7: 0 | BH7: 0 | BI7: 0 | BJ7: 0 | BK7: 0 | BL7: 0 | BM7: 0 | BN7: 0 | BO7: 0 | BP7: 0 | BQ7: 0 | BR7: 0 | BS7: 0 | BT7: 0 | BU7: 0 | BV7: 0 | BW7: 0 | BX7: 0 | BY7: 0 | BZ7: 0 | CA7: 0 | CB7: 0 | CC7: 0 | CD7: 0
A8: Anthozoa | B8: Actinia sp. | C8: 0 | D8: 0 | E8: 0 | F8: 0 | G8: 0 | H8: 0 | I8: 0 | J8: 0 | K8: 0 | L8: 0 | M8: 0 | N8: 0 | O8: 0 | P8: 0 | Q8: 0 | R8: 0 | S8: 0 | T8: 0 | U8: 0 | V8: 0 | W8: 0 | X8: 0 | Y8: 0 | Z8: 0 | AA8: 0 | AB8: 0 | AC8: 0 | AD8: 0 | AE8: 0 | AF8: 0 | AG8: 0 | AH8: 0 | AI8: 0 | AJ8: 2 | AK8: 2 | AL8: 2 | AM8: 0 | AN8: 0 | AO8: 0 | AP8: 10 | AQ8: 4 | AR8: 0 | AS8: 0 | AT8: 0 | AU8: 0 | AV8: 0 | AW8: 0 | AX8: 0 | AY8: 0 | AZ8: 0 | BA8: 0 | BB8: 0 | BC8: 0 | BD8: 0 | BE8: 0 | BF8: 0 | BG8: 0 | BH8: 0 | BI8: 0 | BJ8: 0 | BK8: 0 | BL8: 0 | BM8: 0 | BN8: 0 | BO8: 0 | BP8: 0 | BQ8: 0 | BR8: 0 | BS8: 0 | BT8: 0 | BU8: 0 | BV8: 0 | BW8: 0 | BX8: 0 | BY8: 0 | BZ8: 0 | CA8: 0 | CB8: 0 | CC8: 0 | CD8: 0
A9: Nemertini | B9: Nemertini gen.sp. | C9: 3.33333 | D9: 6.66666 | E9: 3.33333 | F9: 3.33333 | G9: 9.99999 | H9: 0 | I9: 0 | J9: 0 | K9: 0 | L9: 3.33333 | M9: 0 | N9: 3.33333 | O9: 3.33333 | P9: 0 | Q9: 3.33333 | R9: 19.99998 | S9: 0 | T9: 29.99997 | U9: 0 | V9: 0 | W9: 6.66666 | X9: 6.66666 | Y9: 6.66666 | Z9: 0 | AA9: 6.66666 | AB9: 6.66666 | AC9: 9.99999 | AD9: 0 | AE9: 0 | AF9: 6.66666 | AG9: 0 | AH9: 6.66666 | AI9: 24 | AJ9: 24 | AK9: 50 | AL9: 22 | AM9: 0 | AN9: 6 | AO9: 4 | AP9: 70 | AQ9: 20 | AR9: 69.9993 | AS9: 0 | AT9: 0 | AU9: 3.3333 | AV9: 0 | AW9: 0 | AX9: 0 | AY9: 0 | AZ9: 0 | BA9: 0 | BB9: 0 | BC9: 0 | BD9: 0 | BE9: 0 | BF9: 0 | BG9: 0 | BH9: 0 | BI9: 0 | BJ9: 40 | BK9: 30 | BL9: 0 | BM9: 0 | BN9: 0 | BO9: 23.3331 | BP9: 0 | BQ9: 0 | BR9: 4 | BS9: 0 | BT9: 0 | BU9: 6 | BV9: 8 | BW9: 2 | BX9: 0 | BY9: 0 | BZ9: 0 | CA9: 2.66664 | CB9: 2.66664 | CC9: 12 | CD9: 2.4
A10: Polychaeta | B10: Amage auricula | C10: 0 | D10: 0 | E10: 0 | F10: 0 | G10: 0 | H10: 0 | I10: 0 | J10: 0 | K10: 0 | L10: 0 | M10: 0 | N10: 0 | O10: 0 | P10: 0 | Q10: 0 | R10: 0 | S10: 0 | T10: 0 | U10: 0 | V10: 0 | W10: 0 | X10: 0 | Y10: 0 | Z10: 0 | AA10: 0 | AB10: 0 | AC10: 0 | AD10: 0 | AE10: 0 | AF10: 0 | AG10: 0 | AH10: 0 | AI10: 78 | AJ10: 0 | AK10: 0 | AL10: 0 | AM10: 0 | AN10: 0 | AO10: 0 | AP10: 0 | AQ10: 20 | AR10: 0 | AS10: 0 | AT10: 0 | AU10: 0 | AV10: 0 | AW10: 0 | AX10: 0 | AY10: 0 | AZ10: 0 | BA10: 0 | BB10: 0 | BC10: 0 | BD10: 0 | BE10: 0 | BF10: 0 | BG10: 0 | BH10: 0 | BI10: 0 | BJ10: 0 | BK10: 0 | BL10: 0 | BM10: 0 | BN10: 0 | BO10: 0 | BP10: 0 | BQ10: 0 | BR10: 0 | BS10: 0 | BT10: 0 | BU10: 0 | BV10: 0 | BW10: 0 | BX10: 0 | BY10: 0 | BZ10: 0 | CA10: 0 | CB10: 0 | CC10: 0 | CD10: 0
A11: Polychaeta | B11: Ampharete acutifrons | C11: 6.66666 | D11: 0 | E11: 0 | F11: 3.33333 | G11: 0 | H11: 6.66666 | I11: 13.33332 | J11: 6.66666 | K11: 19.99998 | L11: 0 | M11: 9.99999 | N11: 3.33333 | O11: 3.33333 | P11: 0 | Q11: 0 | R11: 0 | S11: 6.66666 | T11: 16.66665 | U11: 0 | V11: 19.99998 | W11: 3.33333 | X11: 0 | Y11: 13.33332 | Z11: 0 | AA11: 6.66666 | AB11: 0 | AC11: 3.33333 | AD11: 0 | AE11: 0 | AF11: 0 | AG11: 3.33333 | AH11: 0 | AI11: 58 | AJ11: 76 | AK11: 44 | AL11: 48 | AM11: 20 | AN11: 8 | AO11: 2 | AP11: 4 | AQ11: 0 | AR11: 0 | AS11: 0 | AT11: 0 | AU11: 9.9999 | AV11: 0 | AW11: 0 | AX11: 0 | AY11: 0 | AZ11: 0 | BA11: 0 | BB11: 0 | BC11: 0 | BD11: 0 | BE11: 0 | BF11: 0 | BG11: 0 | BH11: 0 | BI11: 0 | BJ11: 0 | BK11: 0 | BL11: 0 | BM11: 0 | BN11: 0 | BO11: 0 | BP11: 0 | BQ11: 0 | BR11: 0 | BS11: 0 | BT11: 0 | BU11: 0 | BV11: 0 | BW11: 0 | BX11: 0 | BY11: 0 | BZ11: 0 | CA11: 0 | CB11: 0 | CC11: 0 | CD11: 0
A12: Polychaeta | B12: Ampharete borealis | C12: 0 | D12: 0 | E12: 0 | F12: 0 | G12: 3.33333 | H12: 0 | I12: 0 | J12: 0 | K12: 0 | L12: 0 | M12: 0 | N12: 0 | O12: 0 | P12: 6.66666 | Q12: 3.33333 | R12: 0 | S12: 0 | T12: 0 | U12: 0 | V12: 0 | W12: 0 | X12: 0 | Y12: 0 | Z12: 0 | AA12: 0 | AB12: 0 | AC12: 3.33333 | AD12: 0 | AE12: 0 | AF12: 0 | AG12: 0 | AH12: 6.66666 | AI12: 0 | AJ12: 0 | AK12: 0 | AL12: 2 | AM12: 0 | AN12: 0 | AO12: 2 | AP12: 6 | AQ12: 2 | AR12: 0 | AS12: 0 | AT12: 0 | AU12: 0 | AV12: 0 | AW12: 0 | AX12: 0 | AY12: 0 | AZ12: 0 | BA12: 0 | BB12: 0 | BC12: 0 | BD12: 0 | BE12: 0 | BF12: 0 | BG12: 0 | BH12: 0 | BI12: 0 | BJ12: 0 | BK12: 0 | BL12: 0 | BM12: 0 | BN12: 0 | BO12: 0 | BP12: 0 | BQ12: 0 | BR12: 0 | BS12: 0 | BT12: 0 | BU12: 0 | BV12: 0 | BW12: 0 | BX12: 0 | BY12: 0 | BZ12: 0 | CA12: 0 | CB12: 0 | CC12: 0 | CD12: 0
A13: Polychaeta | B13: Ampharete finmarchica | C13: 0 | D13: 0 | E13: 0 | F13: 0 | G13: 0 | H13: 3.33333 | I13: 0 | J13: 0 | K13: 0 | L13: 0 | M13: 0 | N13: 0 | O13: 0 | P13: 0 | Q13: 0 | R13: 0 | S13: 0 | T13: 0 | U13: 0 | V13: 0 | W13: 0 | X13: 0 | Y13: 0 | Z13: 6.66666 | AA13: 0 | AB13: 0 | AC13: 0 | AD13: 0 | AE13: 0 | AF13: 0 | AG13: 0 | AH13: 0 | AI13: 0 | AJ13: 0 | AK13: 0 | AL13: 0 | AM13: 0 | AN13: 0 | AO13: 0 | AP13: 0 | AQ13: 2 | AR13: 0 | AS13: 0 | AT13: 0 | AU13: 0 | AV13: 0 | AW13: 0 | AX13: 0 | AY13: 0 | AZ13: 0 | BA13: 0 | BB13: 0 | BC13: 0 | BD13: 0 | BE13: 0 | BF13: 0 | BG13: 0 | BH13: 0 | BI13: 0 | BJ13: 0 | BK13: 0 | BL13: 0 | BM13: 0 | BN13: 0 | BO13: 0 | BP13: 0 | BQ13: 0 | BR13: 0 | BS13: 0 | BT13: 0 | BU13: 0 | BV13: 0 | BW13: 0 | BX13: 0 | BY13: 1.33332 | BZ13: 19.9998 | CA13: 3.99996 | CB13: 6.6666 | CC13: 0 | CD13: 0
... A59: Polychaeta | B59: Minuspio cirrifera | C59: 0 | D59: 0 | E59: 0 | F59: 0 | G59: 0 | H59: 0 | I59: 0 | J59: 0 | K59: 0 | L59: 0 | M59: 0 | N59: 0 | O59: 0 | P59: 0 | Q59: 3.33333 | R59: 0 | S59: 0 | T59: 0 | U59: 0 | V59: 0 | W59: 0 | X59: 0 | Y59: 0 | Z59: 0 | AA59: 0 | AB59: 0 | AC59: 0 | AD59: 0 | AE59: 0 | AF59: 0 | AG59: 0 | AH59: 0 | AI59: 0 | AJ59: 0 | AK59: 0 | AL59: 0 | AM59: 0 | AN59: 0 | AO59: 0 | AP59: 0 | AQ59: 0 | AR59: 0 | AS59: 0 | AT59: 0 | AU59: 0 | AV59: 0 | AW59: 0 | AX59: 0 | AY59: 0 | AZ59: 0 | BA59: 0 | BB59: 0 | BC59: 0 | BD59: 0 | BE59: 0 | BF59: 0 | BG59: 0 | BH59: 0 | BI59: 0 | BJ59: 0 | BK59: 0 | BL59: 0 | BM59: 0 | BN59: 0 | BO59: 0 | BP59: 0 | BQ59: 0 | BR59: 0 | BS59: 0 | BT59: 0 | BU59: 0 | BV59: 0 | BW59: 0 | BX59: 0 | BY59: 0 | BZ59: 0 | CA59: 0 | CB59: 0 | CC59: 0 | CD59: 0
B60: Nephthys longesetosa | C60: 6.66666 | D60: 3.33333 | E60: 39.99996 | F60: 63.33327 | G60: 113.33322 | H60: 3.33333 | I60: 6.66666 | J60: 6.66666 | K60: 0 | L60: 6.66666 | M60: 9.99999 | N60: 26.66664 | O60: 79.99992 | P60: 49.99995 | Q60: 29.99997 | R60: 23.33331 | S60: 29.99997 | T60: 29.99997 | U60: 46.66662 | V60: 26.66664 | W60: 33.3333 | X60: 69.99993 | Y60: 3.33333 | Z60: 29.99997 | AA60: 6.66666 | AB60: 76.66659 | AC60: 33.3333 | AD60: 36.66663 | AE60: 63.33327 | AF60: 43.33329 | AG60: 66.6666 | AH60: 59.99994 | AI60: 6 | AJ60: 2 | AK60: 2 | AL60: 76 | AM60: 8 | AN60: 6 | AO60: 18 | AP60: 2 | AQ60: 4 | AR60: 0 | AS60: 0 | AT60: 0 | AU60: 0 | AV60: 0 | AW60: 0 | AX60: 0 | AY60: 0 | AZ60: 0 | BA60: 0 | BB60: 0 | BC60: 0 | BD60: 0 | BE60: 0 | BF60: 0 | BG60: 0 | BH60: 0 | BI60: 0 | BJ60: 0 | BK60: 0 | BL60: 0 | BM60: 0 | BN60: 0 | BO60: 0 | BP60: 0 | BQ60: 0 | BR60: 0 | BS60: 0 | BT60: 0 | BU60: 0 | BV60: 0 | BW60: 0 | BX60: 6.6666 | BY60: 5.33328 | BZ60: 51.99948 | CA60: 18.66648 | CB60: 14.66652 | CC60: 10.4 | CD60: 11.2
A61: Polychaeta | B61: Nereis zonata | C61: 0 | D61: 0 | E61: 0 | F61: 0 | G61: 0 | H61: 0 | I61: 0 | J61: 0 | K61: 0 | L61: 0 | M61: 0 | N61: 0 | O61: 0 | P61: 0 | Q61: 0 | R61: 0 | S61: 0 | T61: 0 | U61: 0 | V61: 0 | W61: 0 | X61: 0 | Y61: 0 | Z61: 0 | AA61: 0 | AB61: 0 | AC61: 0 | AD61: 0 | AE61: 0 | AF61: 0 | AG61: 0 | AH61: 0 | AI61: 0 | AJ61: 0 | AK61: 0 | AL61: 0 | AM61: 0 | AN61: 0 | AO61: 0 | AP61: 0 | AQ61: 20 | AR61: 0 | AS61: 0 | AT61: 0 | AU61: 0 | AV61: 0 | AW61: 0 | AX61: 0 | AY61: 0 | AZ61: 0 | BA61: 0 | BB61: 0 | BC61: 0 | BD61: 0 | BE61: 0 | BF61: 0 | BG61: 0 | BH61: 0 | BI61: 0 | BJ61: 0 | BK61: 0 | BL61: 0 | BM61: 0 | BN61: 0 | BO61: 0 | BP61: 0 | BQ61: 0 | BR61: 0 | BS61: 0 | BT61: 0 | BU61: 0 | BV61: 0 | BW61: 0 | BX61: 0 | BY61: 0 | BZ61: 0 | CA61: 0 | CB61: 0 | CC61: 0 | CD61: 0
A62: Polychaeta | B62: Nicolea zostericola | C62: 0 | D62: 0 | E62: 0 | F62: 0 | G62: 0 | H62: 0 | I62: 0 | J62: 0 | K62: 0 | L62: 0 | M62: 3.33333 | N62: 0 | O62: 0 | P62: 0 | Q62: 0 | R62: 0 | S62: 0 | T62: 0 | U62: 0 | V62: 0 | W62: 0 | X62: 0 | Y62: 0 | Z62: 0 | AA62: 0 | AB62: 0 | AC62: 0 | AD62: 0 | AE62: 0 | AF62: 0 | AG62: 0 | AH62: 0 | AI62: 0 | AJ62: 0 | AK62: 0 | AL62: 0 | AM62: 0 | AN62: 0 | AO62: 0 | AP62: 0 | AQ62: 0 | AR62: 0 | AS62: 0 | AT62: 0 | AU62: 0 | AV62: 0 | AW62: 0 | AX62: 0 | AY62: 0 | AZ62: 0 | BA62: 0 | BB62: 0 | BC62: 0 | BD62: 0 | BE62: 0 | BF62: 0 | BG62: 0 | BH62: 0 | BI62: 0 | BJ62: 0 | BK62: 0 | BL62: 0 | BM62: 0 | BN62: 0 | BO62: 0 | BP62: 0 | BQ62: 0 | BR62: 0 | BS62: 0 | BT62: 0 | BU62: 0 | BV62: 0 | BW62: 0 | BX62: 0 | BY62: 0 | BZ62: 0 | CA62: 0 | CB62: 0 | CC62: 0 | CD62: 0
A63: Polychaeta | B63: Nicomache lumbricalis | C63: 0 | D63: 0 | E63: 0 | F63: 0 | G63: 0 | H63: 0 | I63: 0 | J63: 0 | K63: 0 | L63: 0 | M63: 0 | N63: 0 | O63: 0 | P63: 0 | Q63: 0 | R63: 0 | S63: 0 | T63: 0 | U63: 0 | V63: 0 | W63: 0 | X63: 0 | Y63: 6.66666 | Z63: 0 | AA63: 0 | AB63: 0 | AC63: 0 | AD63: 0 | AE63: 0 | AF63: 0 | AG63: 0 | AH63: 0 | AI63: 0 | AJ63: 0 | AK63: 0 | AL63: 0 | AM63: 0 | AN63: 0 | AO63: 0 | AP63: 0 | AQ63: 0 | AR63: 0 | AS63: 0 | AT63: 0 | AU63: 0 | AV63: 0 | AW63: 0 | AX63: 0 | AY63: 0 | AZ63: 0 | BA63: 0 | BB63: 0 | BC63: 0 | BD63: 0 | BE63: 0 | BF63: 0 | BG63: 0 | BH63: 0 | BI63: 0 | BJ63: 0 | BK63: 0 | BL63: 0 | BM63: 0 | BN63: 0 | BO63: 0 | BP63: 0 | BQ63: 0 | BR63: 0 | BS63: 0 | BT63: 0 | BU63: 0 | BV63: 0 | BW63: 0 | BX63: 0 | BY63: 0 | BZ63: 0 | CA63: 0 | CB63: 0 | CC63: 0 | CD63: 0
A64: Polychaeta | B64: Nicomache sp. | C64: 0 | D64: 0 | E64: 0 | F64: 0 | G64: 0 | H64: 0 | I64: 0 | J64: 0 | K64: 0 | L64: 0 | M64: 0 | N64: 0 | O64: 0 | P64: 0 | Q64: 0 | R64: 0 | S64: 0 | T64: 0 | U64: 0 | V64: 0 | W64: 0 | X64: 0 | Y64: 0 | Z64: 0 | AA64: 0 | AB64: 0 | AC64: 0 | AD64: 0 | AE64: 0 | AF64: 0 | AG64: 0 | AH64: 0 | AI64: 0 | AJ64: 0 | AK64: 0 | AL64: 0 | AM64: 0 | AN64: 0 | AO64: 0 | AP64: 0 | AQ64: 0 | AR64: 0 | AS64: 0 | AT64: 0 | AU64: 0 | AV64: 0 | AW64: 0 | AX64: 0 | AY64: 0 | AZ64: 0 | BA64: 0 | BB64: 0 | BC64: 0 | BD64: 0 | BE64: 0 | BF64: 0 | BG64: 0 | BH64: 0 | BI64: 0 | BJ64: 0 | BK64: 0 | BL64: 0 | BM64: 0 | BN64: 0 | BO64: 0 | BP64: 0 | BQ64: 0 | BR64: 0 | BS64: 0 | BT64: 0 | BU64: 0 | BV64: 0 | BW64: 0 | BX64: 0 | BY64: 0 | BZ64: 0 | CA64: 0 | CB64: 0 | CC64: 0 | CD64: 0
A65: Polychaeta | B65: Nothria hyperborea | C65: 0 | D65: 0 | E65: 0 | F65: 0 | G65: 0 | H65: 0 | I65: 0 | J65: 0 | K65: 0 | L65: 0 | M65: 0 | N65: 0 | O65: 0 | P65: 0 | Q65: 0 | R65: 0 | S65: 0 | T65: 0 | U65: 0 | V65: 0 | W65: 0 | X65: 0 | Y65: 0 | Z65: 0 | AA65: 0 | AB65: 0 | AC65: 0 | AD65: 0 | AE65: 0 | AF65: 0 | AG65: 0 | AH65: 0 | AI65: 2 | AJ65: 0 | AK65: 0 | AL65: 0 | AM65: 0 | AN65: 0 | AO65: 0 | AP65: 0 | AQ65: 10 | AR65: 0 | AS65: 0 | AT65: 0 | AU65: 0 | AV65: 0 | AW65: 0 | AX65: 0 | AY65: 0 | AZ65: 0 | BA65: 0 | BB65: 0 | BC65: 0 | BD65: 0 | BE65: 0 | BF65: 0 | BG65: 0 | BH65: 0 | BI65: 0 | BJ65: 0 | BK65: 0 | BL65: 0 | BM65: 0 | BN65: 0 | BO65: 0 | BP65: 0 | BQ65: 0 | BR65: 0 | BS65: 0 | BT65: 0 | BU65: 0 | BV65: 0 | BW65: 0 | BX65: 0 | BY65: 0 | BZ65: 0 | CA65: 0 | CB65: 0 | CC65: 0 | CD65: 0
A66: Polychaeta | B66: Notomastus latericeus | C66: 0 | D66: 0 | E66: 0 | F66: 0 | G66: 0 | H66: 0 | I66: 0 | J66: 0 | K66: 0 | L66: 0 | M66: 0 | N66: 0 | O66: 0 | P66: 0 | Q66: 0 | R66: 0 | S66: 0 | T66: 0 | U66: 0 | V66: 0 | W66: 0 | X66: 0 | Y66: 0 | Z66: 0 | AA66: 0 | AB66: 0 | AC66: 0 | AD66: 0 | AE66: 0 | AF66: 0 | AG66: 0 | AH66: 0 | AI66: 62 | AJ66: 4 | AK66: 0 | AL66: 4 | AM66: 4 | AN66: 132 | AO66: 0 | AP66: 2 | AQ66: 6 | AR66: 0 | AS66: 0 | AT66: 0 | AU66: 6.6666 | AV66: 0 | AW66: 0 | AX66: 0 | AY66: 0 | AZ66: 0 | BA66: 0 | BB66: 0 | BC66: 0 | BD66: 0 | BE66: 0 | BF66: 0 | BG66: 0 | BH66: 0 | BI66: 0 | BJ66: 0 | BK66: 0 | BL66: 0 | BM66: 0 | BN66: 0 | BO66: 0 | BP66: 0 | BQ66: 0 | BR66: 0 | BS66: 0 | BT66: 0 | BU66: 0 | BV66: 14 | BW66: 4 | BX66: 0 | BY66: 0 | BZ66: 0 | CA66: 0 | CB66: 0 | CC66: 0 | CD66: 0
A67: Polychaeta | B67: Ophelia limacina | C67: 0 | D67: 0 | E67: 0 | F67: 3.33333 | G67: 0 | H67: 0 | I67: 0 | J67: 0 | K67: 0 | L67: 0 | M67: 0 | N67: 0 | O67: 16.66665 | P67: 0 | Q67: 6.66666 | R67: 0 | S67: 3.33333 | T67: 0 | U67: 0 | V67: 16.66665 | W67: 0 | X67: 249.99975 | Y67: 0 | Z67: 49.99995 | AA67: 0 | AB67: 0 | AC67: 39.99996 | AD67: 26.66664 | AE67: 86.66658 | AF67: 9.99999 | AG67: 6.66666 | AH67: 3.33333 | AI67: 0 | AJ67: 0 | AK67: 68 | AL67: 4 | AM67: 2 | AN67: 0 | AO67: 4 | AP67: 50 | AQ67: 0 | AR67: 0 | AS67: 0 | AT67: 0 | AU67: 0 | AV67: 0 | AW67: 0 | AX67: 0 | AY67: 0 | AZ67: 0 | BA67: 0 | BB67: 0 | BC67: 0 | BD67: 0 | BE67: 0 | BF67: 0 | BG67: 0 | BH67: 0 | BI67: 0 | BJ67: 0 | BK67: 0 | BL67: 0 | BM67: 0 | BN67: 0 | BO67: 0 | BP67: 0 | BQ67: 0 | BR67: 0 | BS67: 0 | BT67: 0 | BU67: 0 | BV67: 0 | BW67: 0 | BX67: 0 | BY67: 9.33324 | BZ67: 13.3332 | CA67: 67.99932 | CB67: 47.99952 | CC67: 48 | CD67: 67.2
A68: Polychaeta | B68: Ophelina cylindricaudata | C68: 36.66663 | D68: 9.99999 | E68: 9.99999 | F68: 0 | G68: 0 | H68: 16.66665 | I68: 3.33333 | J68: 0 | K68: 0 | L68: 6.66666 | M68: 0 | N68: 6.66666 | O68: 9.99999 | P68: 0 | Q68: 0 | R68: 0 | S68: 0 | T68: 9.99999 | U68: 0 | V68: 0 | W68: 0 | X68: 0 | Y68: 6.66666 | Z68: 3.33333 | AA68: 9.99999 | AB68: 0 | AC68: 0 | AD68: 0 | AE68: 0 | AF68: 0 | AG68: 0 | AH68: 0 | AI68: 0 | AJ68: 0 | AK68: 0 | AL68: 0 | AM68: 4 | AN68: 0 | AO68: 2 | AP68: 0 | AQ68: 0 | AR68: 0 | AS68: 0 | AT68: 0 | AU68: 0 | AV68: 0 | AW68: 0 | AX68: 0 | AY68: 0 | AZ68: 0 | BA68: 0 | BB68: 0 | BC68: 0 | BD68: 0 | BE68: 0 | BF68: 0 | BG68: 0 | BH68: 0 | BI68: 0 | BJ68: 0 | BK68: 0 | BL68: 0 | BM68: 0 | BN68: 0 | BO68: 0 | BP68: 0 | BQ68: 0 | BR68: 0 | BS68: 0 | BT68: 0 | BU68: 0 | BV68: 0 | BW68: 0 | BX68: 0 | BY68: 0 | BZ68: 0 | CA68: 2.66664 | CB68: 0 | CC68: 0.8 | CD68: 0
A69: Polychaeta | B69: Owenia fusiformis | C69: 0 | D69: 0 | E69: 6.66666 | F69: 519.99948 | G69: 1169.9988 | H69: 6.66666 | I69: 0 | J69: 0 | K69: 0 | L69: 9.99999 | M69: 0 | N69: 0 | O69: 3.33333 | P69: 113.33322 | Q69: 36.66663 | R69: 143.33319 | S69: 76.66659 | T69: 49.99995 | U69: 0 | V69: 29.99997 | W69: 0 | X69: 0 | Y69: 66.6666 | Z69: 0 | AA69: 589.99941 | AB69: 89.99991 | AC69: 3.33333 | AD69: 3.33333 | AE69: 19.99998 | AF69: 6.66666 | AG69: 13.33332 | AH69: 53.33328 | AI69: 10 | AJ69: 6 | AK69: 30 | AL69: 64 | AM69: 6 | AN69: 0 | AO69: 54 | AP69: 36 | AQ69: 150 | AR69: 0 | AS69: 0 | AT69: 0 | AU69: 0 | AV69: 0 | AW69: 0 | AX69: 0 | AY69: 0 | AZ69: 0 | BA69: 0 | BB69: 0 | BC69: 0 | BD69: 0 | BE69: 0 | BF69: 0 | BG69: 0 | BH69: 0 | BI69: 0 | BJ69: 0 | BK69: 0 | BL69: 0 | BM69: 0 | BN69: 0 | BO69: 0 | BP69: 0 | BQ69: 0 | BR69: 0 | BS69: 0 | BT69: 0 | BU69: 0 | BV69: 0 | BW69: 0 | BX69: 0 | BY69: 3.99996 | BZ69: 5.33328 | CA69: 46.6662 | CB69: 33.333 | CC69: 192 | CD69: 306.4
A70: Polychaeta | B70: Paraonidae gen.sp. | C70: 0 | D70: 0 | E70: 0 | F70: 0 | G70: 0 | H70: 0 | I70: 0 | J70: 0 | K70: 0 | L70: 0 | M70: 0 | N70: 0 | O70: 0 | P70: 0 | Q70: 0 | R70: 0 | S70: 0 | T70: 0 | U70: 0 | V70: 0 | W70: 0 | X70: 0 | Y70: 6.66666 | Z70: 0 | AA70: 0 | AB70: 0 | AC70: 0 | AD70: 0 | AE70: 0 | AF70: 0 | AG70: 0 | AH70: 0 | AI70: 0 | AJ70: 0 | AK70: 0 | AL70: 0 | AM70: 0 | AN70: 0 | AO70: 0 | AP70: 0 | AQ70: 0 | AR70: 0 | AS70: 0 | AT70: 0 | AU70: 0 | AV70: 0 | AW70: 0 | AX70: 0 | AY70: 0 | AZ70: 0 | BA70: 0 | BB70: 0 | BC70: 0 | BD70: 0 | BE70: 0 | BF70: 0 | BG70: 0 | BH70: 0 | BI70: 0 | BJ70: 0 | BK70: 0 | BL70: 0 | BM70: 0 | BN70: 0 | BO70: 0 | BP70: 0 | BQ70: 0 | BR70: 0 | BS70: 0 | BT70: 0 | BU70: 0 | BV70: 0 | BW70: 0 | BX70: 0 | BY70: 0 | BZ70: 0 | CA70: 0 | CB70: 0 | CC70: 0 | CD70: 0
A71: Polychaeta | B71: Pectinaria hyperborea | C71: 3.33333 | D71: 3.33333 | E71: 0 | F71: 3.33333 | G71: 0 | H71: 0 | I71: 0 | J71: 6.66666 | K71: 3.33333 | L71: 0 | M71: 3.33333 | N71: 63.33327 | O71: 9.99999 | P71: 6.66666 | Q71: 0 | R71: 0 | S71: 26.66664 | T71: 3.33333 | U71: 56.66661 | V71: 3.33333 | W71: 273.33306 | X71: 29.99997 | Y71: 3.33333 | Z71: 0 | AA71: 0 | AB71: 9.99999 | AC71: 0 | AD71: 0 | AE71: 0 | AF71: 3.33333 | AG71: 3.33333 | AH71: 3.33333 | AI71: 0 | AJ71: 0 | AK71: 0 | AL71: 6 | AM71: 8 | AN71: 62 | AO71: 54 | AP71: 0 | AQ71: 0 | AR71: 0 | AS71: 0 | AT71: 0 | AU71: 0 | AV71: 0 | AW71: 0 | AX71: 0 | AY71: 0 | AZ71: 0 | BA71: 0 | BB71: 0 | BC71: 0 | BD71: 0 | BE71: 0 | BF71: 0 | BG71: 0 | BH71: 0 | BI71: 0 | BJ71: 0 | BK71: 0 | BL71: 0 | BM71: 0 | BN71: 0 | BO71: 0 | BP71: 0 | BQ71: 0 | BR71: 0 | BS71: 0 | BT71: 0 | BU71: 0 | BV71: 2 | BW71: 0 | BX71: 16.6665 | BY71: 0 | BZ71: 0 | CA71: 0 | CB71: 0 | CC71: 0 | CD71: 0
A72: Polychaeta | B72: Petaloproctus tenuis | C72: 0 | D72: 0 | E72: 0 | F72: 0 | G72: 0 | H72: 0 | I72: 0 | J72: 0 | K72: 0 | L72: 0 | M72: 0 | N72: 0 | O72: 0 | P72: 0 | Q72: 0 | R72: 0 | S72: 0 | T72: 0 | U72: 6.66666 | V72: 0 | W72: 0 | X72: 0 | Y72: 0 | Z72: 0 | AA72: 0 | AB72: 6.66666 | AC72: 0 | AD72: 0 | AE72: 0 | AF72: 0 | AG72: 0 | AH72: 0 | AI72: 0 | AJ72: 0 | AK72: 0 | AL72: 0 | AM72: 0 | AN72: 0 | AO72: 0 | AP72: 0 | AQ72: 0 | AR72: 0 | AS72: 0 | AT72: 0 | AU72: 0 | AV72: 0 | AW72: 0 | AX72: 0 | AY72: 0 | AZ72: 0 | BA72: 0 | BB72: 0 | BC72: 0 | BD72: 0 | BE72: 0 | BF72: 0 | BG72: 0 | BH72: 0 | BI72: 0 | BJ72: 0 | BK72: 0 | BL72: 0 | BM72: 0 | BN72: 0 | BO72: 0 | BP72: 0 | BQ72: 0 | BR72: 0 | BS72: 0 | BT72: 0 | BU72: 0 | BV72: 0 | BW72: 0 | BX72: 0 | BY72: 1.33332 | BZ72: 0 | CA72: 0 | CB72: 0 | CC72: 0 | CD72: 0
A73: Polychaeta | B73: Pherusa plumosa | C73: 9.99999 | D73: 0 | E73: 6.66666 | F73: 0 | G73: 0 | H73: 9.99999 | I73: 0 | J73: 0 | K73: 3.33333 | L73: 0 | M73: 0 | N73: 0 | O73: 0 | P73: 6.66666 | Q73: 0 | R73: 3.33333 | S73: 3.33333 | T73: 9.99999 | U73: 0 | V73: 0 | W73: 0 | X73: 0 | Y73: 0 | Z73: 0 | AA73: 13.33332 | AB73: 0 | AC73: 0 | AD73: 0 | AE73: 0 | AF73: 0 | AG73: 0 | AH73: 0 | AI73: 0 | AJ73: 0 | AK73: 0 | AL73: 0 | AM73: 0 | AN73: 0 | AO73: 0 | AP73: 0 | AQ73: 0 | AR73: 0 | AS73: 0 | AT73: 0 | AU73: 0 | AV73: 0 | AW73: 0 | AX73: 0 | AY73: 0 | AZ73: 0 | BA73: 0 | BB73: 0 | BC73: 0 | BD73: 0 | BE73: 0 | BF73: 0 | BG73: 0 | BH73: 0 | BI73: 0 | BJ73: 0 | BK73: 0 | BL73: 0 | BM73: 0 | BN73: 0 | BO73: 0 | BP73: 0 | BQ73: 0 | BR73: 0 | BS73: 0 | BT73: 0 | BU73: 0 | BV73: 0 | BW73: 0 | BX73: 0 | BY73: 0 | BZ73: 0 | CA73: 0 | CB73: 0 | CC73: 0 | CD73: 0
B74: Phyllodoce maculata | C74: 0 | D74: 0 | E74: 0 | F74: 0 | G74: 9.99999 | H74: 3.33333 | I74: 0 | J74: 0 | K74: 0 | L74: 3.33333 | M74: 6.66666 | N74: 0 | O74: 0 | P74: 3.33333 | Q74: 0 | R74: 6.66666 | S74: 0 | T74: 0 | U74: 0 | V74: 0 | W74: 0 | X74: 6.66666 | Y74: 0 | Z74: 6.66666 | AA74: 3.33333 | AB74: 3.33333 | AC74: 3.33333 | AD74: 3.33333 | AE74: 0 | AF74: 0 | AG74: 0 | AH74: 3.33333 | AI74: 10 | AJ74: 8 | AK74: 2 | AL74: 32 | AM74: 0 | AN74: 0 | AO74: 2 | AP74: 10 | AQ74: 6 | AR74: 0 | AS74: 0 | AT74: 0 | AU74: 6.6666 | AV74: 0 | AW74: 0 | AX74: 0 | AY74: 0 | AZ74: 0 | BA74: 0 | BB74: 0 | BC74: 0 | BD74: 0 | BE74: 0 | BF74: 0 | BG74: 0 | BH74: 0 | BI74: 0 | BJ74: 0 | BK74: 0 | BL74: 0 | BM74: 0 | BN74: 0 | BO74: 0 | BP74: 0 | BQ74: 0 | BR74: 0 | BS74: 0 | BT74: 0 | BU74: 0 | BV74: 2 | BW74: 0 | BX74: 0 | BY74: 2.66664 | BZ74: 11.99988 | CA74: 6.6666 | CB74: 7.99992 | CC74: 4 | CD74: 6.4
A75: Polychaeta | B75: Pista bansei | C75: 0 | D75: 0 | E75: 0 | F75: 3.33333 | G75: 0 | H75: 0 | I75: 0 | J75: 0 | K75: 0 | L75: 0 | M75: 0 | N75: 0 | O75: 0 | P75: 6.66666 | Q75: 0 | R75: 13.33332 | S75: 16.66665 | T75: 36.66663 | U75: 0 | V75: 0 | W75: 0 | X75: 0 | Y75: 0 | Z75: 0 | AA75: 3.33333 | AB75: 0 | AC75: 3.33333 | AD75: 0 | AE75: 0 | AF75: 0 | AG75: 0 | AH75: 0 | AI75: 0 | AJ75: 0 | AK75: 0 | AL75: 0 | AM75: 0 | AN75: 0 | AO75: 0 | AP75: 0 | AQ75: 0 | AR75: 0 | AS75: 0 | AT75: 0 | AU75: 0 | AV75: 0 | AW75: 0 | AX75: 0 | AY75: 0 | AZ75: 0 | BA75: 0 | BB75: 0 | BC75: 0 | BD75: 0 | BE75: 0 | BF75: 0 | BG75: 0 | BH75: 0 | BI75: 0 | BJ75: 0 | BK75: 0 | BL75: 0 | BM75: 0 | BN75: 0 | BO75: 0 | BP75: 0 | BQ75: 0 | BR75: 0 | BS75: 0 | BT75: 0 | BU75: 0 | BV75: 0 | BW75: 0 | BX75: 0 | BY75: 0 | BZ75: 0 | CA75: 0 | CB75: 0 | CC75: 0 | CD75: 0
A76: Polychaeta | B76: Pista maculata | C76: 0 | D76: 0 | E76: 0 | F76: 3.33333 | G76: 0 | H76: 0 | I76: 0 | J76: 0 | K76: 0 | L76: 0 | M76: 0 | N76: 0 | O76: 0 | P76: 6.66666 | Q76: 0 | R76: 0 | S76: 6.66666 | T76: 0 | U76: 0 | V76: 0 | W76: 0 | X76: 0 | Y76: 0 | Z76: 0 | AA76: 0 | AB76: 0 | AC76: 0 | AD76: 0 | AE76: 0 | AF76: 0 | AG76: 0 | AH76: 0 | AI76: 0 | AJ76: 0 | AK76: 0 | AL76: 0 | AM76: 0 | AN76: 0 | AO76: 0 | AP76: 0 | AQ76: 0 | AR76: 0 | AS76: 0 | AT76: 0 | AU76: 0 | AV76: 0 | AW76: 0 | AX76: 0 | AY76: 0 | AZ76: 0 | BA76: 0 | BB76: 0 | BC76: 0 | BD76: 0 | BE76: 0 | BF76: 0 | BG76: 0 | BH76: 0 | BI76: 0 | BJ76: 0 | BK76: 0 | BL76: 0 | BM76: 0 | BN76: 0 | BO76: 0 | BP76: 0 | BQ76: 0 | BR76: 0 | BS76: 0 | BT76: 0 | BU76: 0 | BV76: 0 | BW76: 0 | BX76: 0 | BY76: 0 | BZ76: 0 | CA76: 0 | CB76: 0 | CC76: 0 | CD76: 0
A77: Polychaeta | B77: Polydora sp. | C77: 0 | D77: 0 | E77: 0 | F77: 0 | G77: 0 | H77: 0 | I77: 0 | J77: 0 | K77: 0 | L77: 0 | M77: 0 | N77: 0 | O77: 6.66666 | P77: 0 | Q77: 0 | R77: 0 | S77: 0 | T77: 0 | U77: 0 | V77: 0 | W77: 0 | X77: 0 | Y77: 0 | Z77: 0 | AA77: 0 | AB77: 0 | AC77: 0 | AD77: 0 | AE77: 0 | AF77: 46.66662 | AG77: 13.33332 | AH77: 29.99997 | AI77: 4 | AJ77: 0 | AK77: 0 | AL77: 0 | AM77: 14 | AN77: 4 | AO77: 0 | AP77: 0 | AQ77: 0 | AR77: 0 | AS77: 0 | AT77: 0 | AU77: 0 | AV77: 0 | AW77: 0 | AX77: 0 | AY77: 0 | AZ77: 0 | BA77: 0 | BB77: 0 | BC77: 0 | BD77: 0 | BE77: 0 | BF77: 0 | BG77: 0 | BH77: 0 | BI77: 0 | BJ77: 0 | BK77: 0 | BL77: 0 | BM77: 0 | BN77: 0 | BO77: 0 | BP77: 0 | BQ77: 0 | BR77: 0 | BS77: 0 | BT77: 0 | BU77: 0 | BV77: 0 | BW77: 0 | BX77: 0 | BY77: 0 | BZ77: 0 | CA77: 0 | CB77: 0 | CC77: 0 | CD77: 0
A78: Polychaeta | B78: Polynoidae gen.sp. Juv. | C78: 0 | D78: 0 | E78: 0 | F78: 0 | G78: 0 | H78: 0 | I78: 0 | J78: 0 | K78: 0 | L78: 0 | M78: 0 | N78: 0 | O78: 0 | P78: 0 | Q78: 0 | R78: 0 | S78: 0 | T78: 0 | U78: 0 | V78: 0 | W78: 0 | X78: 0 | Y78: 0 | Z78: 0 | AA78: 0 | AB78: 0 | AC78: 0 | AD78: 0 | AE78: 0 | AF78: 0 | AG78: 0 | AH78: 0 | AI78: 88 | AJ78: 6 | AK78: 0 | AL78: 0 | AM78: 2 | AN78: 0 | AO78: 8 | AP78: 0 | AQ78: 370 | AR78: 0 | AS78: 0 | AT78: 0 | AU78: 3.3333 | AV78: 0 | AW78: 0 | AX78: 0 | AY78: 0 | AZ78: 0 | BA78: 0 | BB78: 0 | BC78: 0 | BD78: 0 | BE78: 0 | BF78: 0 | BG78: 0 | BH78: 0 | BI78: 0 | BJ78: 0 | BK78: 0 | BL78: 0 | BM78: 0 | BN78: 0 | BO78: 0 | BP78: 0 | BQ78: 0 | BR78: 0 | BS78: 0 | BT78: 0 | BU78: 0 | BV78: 0 | BW78: 0 | BX78: 0 | BY78: 2.66664 | BZ78: 0 | CA78: 3.99996 | CB78: 2.66664 | CC78: 0 | CD78: 0
A79: Polychaeta | B79: Polynoinae gen.sp. | C79: 0 | D79: 0 | E79: 0 | F79: 0 | G79: 0 | H79: 0 | I79: 3.33333 | J79: 0 | K79: 0 | L79: 0 | M79: 0 | N79: 6.66666 | O79: 0 | P79: 0 | Q79: 0 | R79: 0 | S79: 0 | T79: 0 | U79: 0 | V79: 3.33333 | W79: 0 | X79: 0 | Y79: 0 | Z79: 0 | AA79: 0 | AB79: 0 | AC79: 0 | AD79: 0 | AE79: 0 | AF79: 6.66666 | AG79: 0 | AH79: 6.66666 | AI79: 0 | AJ79: 0 | AK79: 0 | AL79: 0 | AM79: 0 | AN79: 0 | AO79: 0 | AP79: 0 | AQ79: 0 | AR79: 0 | AS79: 0 | AT79: 0 | AU79: 0 | AV79: 0 | AW79: 0 | AX79: 0 | AY79: 0 | AZ79: 0 | BA79: 0 | BB79: 0 | BC79: 0 | BD79: 0 | BE79: 0 | BF79: 0 | BG79: 0 | BH79: 0 | BI79: 0 | BJ79: 0 | BK79: 0 | BL79: 0 | BM79: 0 | BN79: 0 | BO79: 0 | BP79: 0 | BQ79: 0 | BR79: 0 | BS79: 0 | BT79: 0 | BU79: 0 | BV79: 0 | BW79: 0 | BX79: 0 | BY79: 0 | BZ79: 0 | CA79: 0 | CB79: 0 | CC79: 0 | CD79: 0
A80: Polychaeta | B80: Polynoidae ad. | C80: 0 | D80: 0 | E80: 0 | F80: 0 | G80: 0 | H80: 0 | I80: 0 | J80: 0 | K80: 0 | L80: 0 | M80: 0 | N80: 0 | O80: 0 | P80: 0 | Q80: 0 | R80: 0 | S80: 0 | T80: 0 | U80: 0 | V80: 0 | W80: 0 | X80: 0 | Y80: 0 | Z80: 0 | AA80: 0 | AB80: 0 | AC80: 0 | AD80: 0 | AE80: 0 | AF80: 0 | AG80: 0 | AH80: 0 | AI80: 0 | AJ80: 0 | AK80: 0 | AL80: 0 | AM80: 0 | AN80: 0 | AO80: 0 | AP80: 0 | AQ80: 6 | AR80: 0 | AS80: 0 | AT80: 0 | AU80: 0 | AV80: 0 | AW80: 0 | AX80: 0 | AY80: 0 | AZ80: 0 | BA80: 0 | BB80: 0 | BC80: 0 | BD80: 0 | BE80: 0 | BF80: 0 | BG80: 0 | BH80: 0 | BI80: 0 | BJ80: 0 | BK80: 0 | BL80: 0 | BM80: 0 | BN80: 0 | BO80: 0 | BP80: 0 | BQ80: 0 | BR80: 0 | BS80: 0 | BT80: 0 | BU80: 0 | BV80: 0 | BW80: 0 | BX80: 0 | BY80: 0 | BZ80: 0 | CA80: 0 | CB80: 0 | CC80: 0 | CD80: 0
A81: Polychaeta | B81: Potamilla neglecta | C81: 0 | D81: 0 | E81: 0 | F81: 0 | G81: 0 | H81: 0 | I81: 0 | J81: 0 | K81: 0 | L81: 0 | M81: 0 | N81: 0 | O81: 0 | P81: 0 | Q81: 0 | R81: 0 | S81: 0 | T81: 0 | U81: 0 | V81: 0 | W81: 0 | X81: 0 | Y81: 0 | Z81: 0 | AA81: 0 | AB81: 0 | AC81: 0 | AD81: 0 | AE81: 0 | AF81: 0 | AG81: 0 | AH81: 0 | AI81: 0 | AJ81: 2 | AK81: 0 | AL81: 0 | AM81: 0 | AN81: 0 | AO81: 0 | AP81: 0 | AQ81: 0 | AR81: 0 | AS81: 0 | AT81: 0 | AU81: 0 | AV81: 0 | AW81: 0 | AX81: 0 | AY81: 0 | AZ81: 0 | BA81: 0 | BB81: 0 | BC81: 0 | BD81: 0 | BE81: 0 | BF81: 0 | BG81: 0 | BH81: 0 | BI81: 0 | BJ81: 0 | BK81: 0 | BL81: 0 | BM81: 0 | BN81: 0 | BO81: 0 | BP81: 0 | BQ81: 0 | BR81: 0 | BS81: 0 | BT81: 0 | BU81: 0 | BV81: 0 | BW81: 0 | BX81: 0 | BY81: 0 | BZ81: 0 | CA81: 0 | CB81: 0 | CC81: 0 | CD81: 0
A82: Polychaeta | B82: Praxillella gracilis | C82: 0 | D82: 0 | E82: 0 | F82: 0 | G82: 0 | H82: 0 | I82: 0 | J82: 0 | K82: 0 | L82: 0 | M82: 0 | N82: 0 | O82: 0 | P82: 0 | Q82: 0 | R82: 0 | S82: 0 | T82: 0 | U82: 0 | V82: 0 | W82: 0 | X82: 0 | Y82: 0 | Z82: 0 | AA82: 0 | AB82: 0 | AC82: 0 | AD82: 0 | AE82: 0 | AF82: 0 | AG82: 0 | AH82: 0 | AI82: 2 | AJ82: 0 | AK82: 0 | AL82: 0 | AM82: 10 | AN82: 0 | AO82: 18 | AP82: 2 | AQ82: 32 | AR82: 0 | AS82: 0 | AT82: 0 | AU82: 0 | AV82: 0 | AW82: 0 | AX82: 0 | AY82: 0 | AZ82: 0 | BA82: 0 | BB82: 0 | BC82: 0 | BD82: 0 | BE82: 0 | BF82: 0 | BG82: 0 | BH82: 0 | BI82: 0 | BJ82: 0 | BK82: 0 | BL82: 0 | BM82: 0 | BN82: 0 | BO82: 0 | BP82: 0 | BQ82: 0 | BR82: 0 | BS82: 0 | BT82: 0 | BU82: 0 | BV82: 0 | BW82: 0 | BX82: 0 | BY82: 0 | BZ82: 0 | CA82: 0 | CB82: 0 | CC82: 0 | CD82: 0
A83: Polychaeta | B83: Praxillella praetermissa | C83: 3.33333 | D83: 0 | E83: 13.33332 | F83: 73.33326 | G83: 6.66666 | H83: 0 | I83: 0 | J83: 0 | K83: 0 | L83: 0 | M83: 0 | N83: 3.33333 | O83: 9.99999 | P83: 26.66664 | Q83: 13.33332 | R83: 73.33326 | S83: 56.66661 | T83: 226.66644 | U83: 29.99997 | V83: 29.99997 | W83: 83.33325 | X83: 13.33332 | Y83: 0 | Z83: 86.66658 | AA83: 6.66666 | AB83: 176.66649 | AC83: 79.99992 | AD83: 0 | AE83: 3.33333 | AF83: 0 | AG83: 13.33332 | AH83: 3.33333 | AI83: 12 | AJ83: 10 | AK83: 4 | AL83: 116 | AM83: 0 | AN83: 0 | AO83: 0 | AP83: 0 | AQ83: 0 | AR83: 0 | AS83: 0 | AT83: 0 | AU83: 0 | AV83: 0 | AW83: 0 | AX83: 0 | AY83: 0 | AZ83: 0 | BA83: 0 | BB83: 0 | BC83: 0 | BD83: 0 | BE83: 0 | BF83: 0 | BG83: 0 | BH83: 0 | BI83: 0 | BJ83: 0 | BK83: 0 | BL83: 0 | BM83: 0 | BN83: 0 | BO83: 0 | BP83: 0 | BQ83: 0 | BR83: 0 | BS83: 0 | BT83: 0 | BU83: 0 | BV83: 0 | BW83: 0 | BX83: 0 | BY83: 5.33328 | BZ83: 9.33324 | CA83: 33.333 | CB83: 35.99964 | CC83: 0 | CD83: 3.2
A84: Polychaeta | B84: Pygospio elegans | C84: 0 | D84: 0 | E84: 0 | F84: 0 | G84: 0 | H84: 0 | I84: 0 | J84: 0 | K84: 0 | L84: 0 | M84: 0 | N84: 0 | O84: 0 | P84: 0 | Q84: 0 | R84: 0 | S84: 0 | T84: 0 | U84: 0 | V84: 0 | W84: 0 | X84: 0 | Y84: 0 | Z84: 0 | AA84: 0 | AB84: 0 | AC84: 0 | AD84: 0 | AE84: 0 | AF84: 0 | AG84: 0 | AH84: 0 | AI84: 0 | AJ84: 0 | AK84: 0 | AL84: 0 | AM84: 0 | AN84: 0 | AO84: 0 | AP84: 0 | AQ84: 0 | AR84: 0 | AS84: 0 | AT84: 0 | AU84: 0 | AV84: 0 | AW84: 0 | AX84: 0 | AY84: 0 | AZ84: 0 | BA84: 0 | BB84: 0 | BC84: 0 | BD84: 0 | BE84: 0 | BF84: 0 | BG84: 0 | BH84: 0 | BI84: 0 | BJ84: 0 | BK84: 0 | BL84: 0 | BM84: 0 | BN84: 0 | BO84: 0 | BP84: 0 | BQ84: 0 | BR84: 0 | BS84: 0 | BT84: 0 | BU84: 0 | BV84: 610 | BW84: 30 | BX84: 26.6664 | BY84: 0 | BZ84: 0 | CA84: 0 | CB84: 0 | CC84: 0 | CD84: 0
A85: Polychaeta | B85: Pilargidae sp. | C85: 0 | D85: 0 | E85: 0 | F85: 0 | G85: 0 | H85: 0 | I85: 0 | J85: 0 | K85: 0 | L85: 0 | M85: 0 | N85: 0 | O85: 0 | P85: 0 | Q85: 0 | R85: 0 | S85: 0 | T85: 0 | U85: 0 | V85: 0 | W85: 0 | X85: 0 | Y85: 0 | Z85: 0 | AA85: 0 | AB85: 0 | AC85: 0 | AD85: 0 | AE85: 0 | AF85: 0 | AG85: 0 | AH85: 0 | AI85: 0 | AJ85: 0 | AK85: 0 | AL85: 0 | AM85: 0 | AN85: 0 | AO85: 0 | AP85: 0 | AQ85: 36 | AR85: 0 | AS85: 0 | AT85: 0 | AU85: 0 | AV85: 0 | AW85: 0 | AX85: 0 | AY85: 0 | AZ85: 0 | BA85: 0 | BB85: 0 | BC85: 0 | BD85: 0 | BE85: 0 | BF85: 0 | BG85: 0 | BH85: 0 | BI85: 0 | BJ85: 0 | BK85: 0 | BL85: 0 | BM85: 0 | BN85: 0 | BO85: 0 | BP85: 0 | BQ85: 0 | BR85: 0 | BS85: 0 | BT85: 0 | BU85: 0 | BV85: 0 | BW85: 0 | BX85: 0 | BY85: 0 | BZ85: 0 | CA85: 0 | CB85: 0 | CC85: 0 | CD85: 0
A86: Polychaeta | B86: Silidae gen.sp. | C86: 0 | D86: 0 | E86: 0 | F86: 0 | G86: 0 | H86: 0 | I86: 0 | J86: 0 | K86: 0 | L86: 0 | M86: 0 | N86: 0 | O86: 0 | P86: 0 | Q86: 0 | R86: 0 | S86: 0 | T86: 0 | U86: 0 | V86: 0 | W86: 0 | X86: 0 | Y86: 0 | Z86: 0 | AA86: 0 | AB86: 0 | AC86: 0 | AD86: 0 | AE86: 0 | AF86: 0 | AG86: 0 | AH86: 0 | AI86: 0 | AJ86: 0 | AK86: 0 | AL86: 0 | AM86: 0 | AN86: 0 | AO86: 0 | AP86: 0 | AQ86: 12 | AR86: 0 | AS86: 0 | AT86: 0 | AU86: 0 | AV86: 0 | AW86: 0 | AX86: 0 | AY86: 0 | AZ86: 0 | BA86: 0 | BB86: 0 | BC86: 0 | BD86: 0 | BE86: 0 | BF86: 0 | BG86: 0 | BH86: 0 | BI86: 0 | BJ86: 0 | BK86: 0 | BL86: 0 | BM86: 0 | BN86: 0 | BO86: 0 | BP86: 0 | BQ86: 0 | BR86: 0 | BS86: 0 | BT86: 0 | BU86: 0 | BV86: 0 | BW86: 0 | BX86: 0 | BY86: 0 | BZ86: 0 | CA86: 0 | CB86: 0 | CC86: 0 | CD86: 0
... A205: PRIRAZLOMNOYE | B205: Cucumaria glacialis | C205: 0 | D205: 0 | E205: 0 | F205: 0 | G205: 0 | H205: 0 | I205: 0 | J205: 0 | K205: 0 | L205: 0 | M205: 0 | N205: 0 | O205: 0 | P205: 0 | Q205: 0 | R205: 0 | S205: 0 | T205: 0 | U205: 0 | V205: 0 | W205: 0 | X205: 0 | Y205: 0 | Z205: 0 | AA205: 0 | AB205: 0 | AC205: 0 | AD205: 0 | AE205: 0 | AF205: 0 | AG205: 0 | AH205: 0 | AI205: 0 | AJ205: 0 | AK205: 0 | AL205: 0 | AM205: 0 | AN205: 0 | AO205: 0 | AP205: 0 | AQ205: 0 | AR205: 0 | AS205: 0 | AT205: 0 | AU205: 0 | AV205: 0 | AW205: 0 | AX205: 0 | AY205: 0 | AZ205: 0 | BA205: 0 | BB205: 0 | BC205: 0 | BD205: 0 | BE205: 0 | BF205: 0 | BG205: 0 | BH205: 0 | BI205: 0 | BJ205: 0 | BK205: 0 | BL205: 0 | BM205: 0 | BN205: 0 | BO205: 0 | BP205: 0 | BQ205: 0 | BR205: 0 | BS205: 0 | BT205: 0 | BU205: 0 | BV205: 0 | BW205: 0 | BX205: 0 | BY205: 2.66664 | BZ205: 0 | CA205: 10.66656 | CB205: 6.6666 | CC205: 0.8 | CD205: 0

Sheet B_st
C1: 1 | D1: 2 | E1: 3 | F1: 8 | G1: 9 | H1: 10 | I1: 11 | J1: 12 | K1: 13 | L1: 14 | M1: 15 | N1: 16 | O1: 17 | P1: 18 | Q1: 19 | R1: 20 | S1: 21 | T1: 22 | U1: 23 | V1: 24 | W1: 25 | X1: 26 | Y1: 28 | Z1: 30 | AA1: 31 | AB1: 32 | AC1: 33 | AD1: 111 | AE1: 112 | AF1: 201 | AG1: 202 | AH1: 203 | AI1: 4957 | AJ1: 4956 | AK1: 4955 | AL1: 4954 | AM1: 4999 | AN1: 5000 | AO1: 5001 | AP1: 5002 | AQ1: 5003 | AR1: 4993 | AS1: 4994 | AT1: 4995 | AU1: 4996 | AV1: 2 | AW1: 4 | AX1: 5 | AY1: 6 | AZ1: 8 | BA1: 10 | BB1: 15 | BC1: 17 | BD1: 23 | BE1: 25 | BF1: 27 | BG1: 31 | BH1: 33 | BI1: 37 | BJ1: 39 | BK1: 40 | BL1: 41 | BM1: 43 | BN1: 44 | BO1: 45 | BP1: 47 | BQ1: 48 | BR1: 50 | BS1: 51 | BT1: 53 | BU1: 54 | BV1: 55 | BW1: 57 | BX1: 58 | BY1: 4972_pr | BZ1: 4989_pr | CA1: 5006_pr | CB1: 5007_pr | CC1: 5032_pr | CD1: 5033_pr
A2: Anthozoa | B2: Tealia felina | C2: 0 | D2: 0 | E2: 0 | F2: 0 | G2: 24.033309 | H2: 6.7199933 | I2: 0 | J2: 0 | K2: 0 | L2: 0 | M2: 0 | N2: 0 | O2: 0 | P2: 0 | Q2: 3.1133302 | R2: 0 | S2: 0 | T2: 0 | U2: 0 | V2: 0 | W2: 0 | X2: 0 | Y2: 0 | Z2: 0 | AA2: 2.8966638 | AB2: 0 | AC2: 0 | AD2: 0 | AE2: 0 | AF2: 0 | AG2: 0 | AH2: 0 | AI2: 0 | AJ2: 0 | AK2: 0 | AL2: 0 | AM2: 4.594 | AN2: 3.936 | AO2: 0 | AP2: 18.714 | AQ2: 0 | AR2: 0 | AS2: 0 | AT2: 0 | AU2: 0 | AV2: 0 | AW2: 0 | AX2: 0 | AY2: 0 | AZ2: 0 | BA2: 0 | BB2: 0 | BC2: 0 | BD2: 0 | BE2: 0 | BF2: 0 | BG2: 0 | BH2: 0 | BI2: 0 | BJ2: 0 | BK2: 0 | BL2: 0 | BM2: 0 | BN2: 0 | BO2: 0 | BP2: 0 | BQ2: 0 | BR2: 0 | BS2: 0 | BT2: 0 | BU2: 0 | BV2: 0 | BW2: 0 | BX2: 0 | BY2: 0.16533168 | BZ2: 0.0466662 | CA2: 0 | CB2: 0 | CC2: 0 | CD2: 0
A3: Anthozoa | B3: Edwardsia sp. | C3: 0 | D3: 0 | E3: 0 | F3: 0.0666666 | G3: 0 | H3: 0 | I3: 0 | J3: 0 | K3: 0 | L3: 0.10666656 | M3: 0 | N3: 0 | O3: 0 | P3: 0 | Q3: 0 | R3: 0 | S3: 0.0333333 | T3: 0.05666661 | U3: 0 | V3: 0 | W3: 0 | X3: 0.04999995 | Y3: 0 | Z3: 0 | AA3: 0.32333301 | AB3: 0 | AC3: 0.06333327 | AD3: 0 | AE3: 0 | AF3: 0 | AG3: 0 | AH3: 0 | AI3: 0 | AJ3: 0 | AK3: 0 | AL3: 0 | AM3: 0 | AN3: 0 | AO3: 0 | AP3: 0 | AQ3: 0 | AR3: 0 | AS3: 0 | AT3: 0 | AU3: 0 | AV3: 0 | AW3: 0 | AX3: 0 | AY3: 0 | AZ3: 0 | BA3: 0 | BB3: 0 | BC3: 0 | BD3: 0 | BE3: 0 | BF3: 0 | BG3: 0 | BH3: 0 | BI3: 0 | BJ3: 0 | BK3: 0 | BL3: 0 | BM3: 0 | BN3: 0 | BO3: 0 | BP3: 0 | BQ3: 0 | BR3: 0 | BS3: 0 | BT3: 0 | BU3: 0 | BV3: 0.004 | BW3: 0 | BX3: 0 | BY3: 0 | BZ3: 0 | CA3: 0 | CB3: 0 | CC3: 0 | CD3: 0
A4: Anthozoa | B4: Paraedwardsia arenaria | C4: 0 | D4: 0 | E4: 0.12333321 | F4: 0 | G4: 0 | H4: 0 | I4: 0 | J4: 0 | K4: 0 | L4: 0 | M4: 0 | N4: 0 | O4: 0 | P4: 0.04999995 | Q4: 0.61999938 | R4: 2.5566641 | S4: 0.1333332 | T4: 2.1866645 | U4: 0 | V4: 0.04999995 | W4: 0 | X4: 0.51999948 | Y4: 0.06999993 | Z4: 4.6199954 | AA4: 1.7733316 | AB4: 0.56333277 | AC4: 9.9366567 | AD4: 0 | AE4: 0.3999996 | AF4: 0 | AG4: 0.7666659 | AH4: 0.30333303 | AI4: 0 | AJ4: 0 | AK4: 0 | AL4: 0 | AM4: 0 | AN4: 0 | AO4: 0 | AP4: 0.004 | AQ4: 0 | AR4: 0 | AS4: 0 | AT4: 0 | AU4: 0 | AV4: 0 | AW4: 0 | AX4: 0 | AY4: 0 | AZ4: 0 | BA4: 0 | BB4: 0 | BC4: 0 | BD4: 0 | BE4: 0 | BF4: 0 | BG4: 0 | BH4: 0 | BI4: 0 | BJ4: 0 | BK4: 0 | BL4: 0 | BM4: 0 | BN4: 0 | BO4: 0 | BP4: 0 | BQ4: 0 | BR4: 0 | BS4: 0 | BT4: 0 | BU4: 0 | BV4: 0 | BW4: 0 | BX4: 0 | BY4: 0.09599904 | BZ4: 0.11733216 | CA4: 0 | CB4: 0 | CC4: 0.6784 | CD4: 1.13368
A5: Anthozoa | B5: Cerianthus lloydi | C5: 0.06999993 | D5: 0 | E5: 0 | F5: 0 | G5: 0 | H5: 0 | I5: 0 | J5: 0 | K5: 0 | L5: 0 | M5: 0 | N5: 0 | O5: 0 | P5: 0 | Q5: 0 | R5: 0 | S5: 0 | T5: 0 | U5: 0 | V5: 0 | W5: 0 | X5: 0 | Y5: 0 | Z5: 0 | AA5: 0 | AB5: 0 | AC5: 0 | AD5: 0 | AE5: 0 | AF5: 0 | AG5: 0 | AH5: 0 | AI5: 0 | AJ5: 0 | AK5: 0 | AL5: 0 | AM5: 0 | AN5: 0 | AO5: 0 | AP5: 0 | AQ5: 0 | AR5: 0 | AS5: 0 | AT5: 0 | AU5: 0 | AV5: 0 | AW5: 0 | AX5: 0 | AY5: 0 | AZ5: 0 | BA5: 0 | BB5: 0 | BC5: 0 | BD5: 0 | BE5: 0 | BF5: 0 | BG5: 0 | BH5: 0 | BI5: 0 | BJ5: 0 | BK5: 0 | BL5: 0 | BM5: 0 | BN5: 0 | BO5: 0 | BP5: 0 | BQ5: 0 | BR5: 0 | BS5: 0 | BT5: 0 | BU5: 0 | BV5: 0 | BW5: 0 | BX5: 0 | BY5: 0 | BZ5: 0 | CA5: 0 | CB5: 0 | CC5: 0 | CD5: 0
A6: Anthozoa | B6: Alcionacea sp.A | C6: 0 | D6: 0 | E6: 0 | F6: 0 | G6: 0 | H6: 0 | I6: 0 | J6: 0 | K6: 0 | L6: 0 | M6: 0 | N6: 0 | O6: 0 | P6: 0 | Q6: 0 | R6: 0 | S6: 0 | T6: 0 | U6: 0 | V6: 0 | W6: 0 | X6: 0 | Y6: 0 | Z6: 0 | AA6: 0 | AB6: 0 | AC6: 0 | AD6: 0 | AE6: 0 | AF6: 0 | AG6: 0 | AH6: 0 | AI6: 1.228 | AJ6: 0 | AK6: 0 | AL6: 0 | AM6: 0 | AN6: 0 | AO6: 0 | AP6: 0 | AQ6: 0.664 | AR6: 0 | AS6: 0 | AT6: 0 | AU6: 0 | AV6: 0 | AW6: 0 | AX6: 0 | AY6: 0 | AZ6: 0 | BA6: 0 | BB6: 0 | BC6: 0 | BD6: 0 | BE6: 0 | BF6: 0 | BG6: 0 | BH6: 0 | BI6: 0 | BJ6: 0 | BK6: 0 | BL6: 0 | BM6: 0 | BN6: 0 | BO6: 0 | BP6: 0 | BQ6: 0 | BR6: 0 | BS6: 0 | BT6: 0 | BU6: 0 | BV6: 0 | BW6: 0 | BX6: 0 | BY6: 0 | BZ6: 0 | CA6: 0 | CB6: 0 | CC6: 0 | CD6: 0
A7: Anthozoa | B7: Alcionacea sp.B | C7: 0 | D7: 0 | E7: 0 | F7: 0 | G7: 0 | H7: 0 | I7: 0 | J7: 0 | K7: 0 | L7: 0 | M7: 0 | N7: 0 | O7: 0 | P7: 0 | Q7: 0 | R7: 0 | S7: 0 | T7: 0 | U7: 0 | V7: 0 | W7: 0 | X7: 0 | Y7: 0 | Z7: 0 | AA7: 0 | AB7: 0 | AC7: 0 | AD7: 0 | AE7: 0 | AF7: 0 | AG7: 0 | AH7: 0 | AI7: 0 | AJ7: 0 | AK7: 0 | AL7: 0 | AM7: 0 | AN7: 0 | AO7: 0 | AP7: 0 | AQ7: 0.154 | AR7: 0 | AS7: 0 | AT7: 0 | AU7: 0 | AV7: 0 | AW7: 0 | AX7: 0 | AY7: 0 | AZ7: 0 | BA7: 0 | BB7: 0 | BC7: 0 | BD7: 0 | BE7: 0 | BF7: 0 | BG7: 0 | BH7: 0 | BI7: 0 | BJ7: 0 | BK7: 0 | BL7: 0 | BM7: 0 | BN7: 0 | BO7: 0 | BP7: 0 | BQ7: 0 | BR7: 0 | BS7: 0 | BT7: 0 | BU7: 0 | BV7: 0 | BW7: 0 | BX7: 0 | BY7: 0 | BZ7: 0 | CA7: 0 | CB7: 0 | CC7: 0 | CD7: 0
A8: Anthozoa | B8: Actinia sp. | C8: 0 | D8: 0 | E8: 0 | F8: 0 | G8: 0 | H8: 0 | I8: 0 | J8: 0 | K8: 0 | L8: 0 | M8: 0 | N8: 0 | O8: 0 | P8: 0 | Q8: 0 | R8: 0 | S8: 0 | T8: 0 | U8: 0 | V8: 0 | W8: 0 | X8: 0 | Y8: 0 | Z8: 0 | AA8: 0 | AB8: 0 | AC8: 0 | AD8: 0 | AE8: 0 | AF8: 0 | AG8: 0 | AH8: 0 | AI8: 0 | AJ8: 0.062 | AK8: 0.002 | AL8: 0.62 | AM8: 0 | AN8: 0 | AO8: 0 | AP8: 0.026 | AQ8: 0.004 | AR8: 0 | AS8: 0 | AT8: 0 | AU8: 0 | AV8: 0 | AW8: 0 | AX8: 0 | AY8: 0 | AZ8: 0 | BA8: 0 | BB8: 0 | BC8: 0 | BD8: 0 | BE8: 0 | BF8: 0 | BG8: 0 | BH8: 0 | BI8: 0 | BJ8: 0 | BK8: 0 | BL8: 0 | BM8: 0 | BN8: 0 | BO8: 0 | BP8: 0 | BQ8: 0 | BR8: 0 | BS8: 0 | BT8: 0 | BU8: 0 | BV8: 0 | BW8: 0 | BX8: 0 | BY8: 0 | BZ8: 0 | CA8: 0 | CB8: 0 | CC8: 0 | CD8: 0
A9: Nemertini | B9: Nemertini gen.sp. | C9: 0.01333332 | D9: 0.15666651 | E9: 0.00999999 | F9: 0.08333325 | G9: 0.01333332 | H9: 0 | I9: 0 | J9: 0 | K9: 0 | L9: 0.03999996 | M9: 0 | N9: 0.04333329 | O9: 0.00999999 | P9: 0 | Q9: 0.02999997 | R9: 2.323331 | S9: 0 | T9: 0.69666597 | U9: 0 | V9: 0 | W9: 0.23666643 | X9: 0.2666664 | Y9: 0.06999993 | Z9: 0 | AA9: 0.07999992 | AB9: 0.25666641 | AC9: 0.06333327 | AD9: 0 | AE9: 0 | AF9: 0.08999991 | AG9: 0 | AH9: 0.19666647 | AI9: 0.05 | AJ9: 1.056 | AK9: 0.022 | AL9: 0.22 | AM9: 0 | AN9: 0.004 | AO9: 0.016 | AP9: 0.286 | AQ9: 0.186 | AR9: 0.1766649 | AS9: 0 | AT9: 0 | AU9: 0.0199998 | AV9: 0 | AW9: 0 | AX9: 0 | AY9: 0 | AZ9: 0 | BA9: 0 | BB9: 0 | BC9: 0 | BD9: 0 | BE9: 0 | BF9: 0 | BG9: 0 | BH9: 0 | BI9: 0 | BJ9: 0.66 | BK9: 0.36 | BL9: 0 | BM9: 0 | BN9: 0 | BO9: 0.0899991 | BP9: 0 | BQ9: 0 | BR9: 0.006 | BS9: 0 | BT9: 0 | BU9: 0.012 | BV9: 0.074 | BW9: 0.002 | BX9: 0 | BY9: 0 | BZ9: 0 | CA9: 0.06133272 | CB9: 0.03599964 | CC9: 0.016 | CD9: 0.0016
A10: Polychaeta | B10: Amage auricula | C10: 0 | D10: 0 | E10: 0 | F10: 0 | G10: 0 | H10: 0 | I10: 0 | J10: 0 | K10: 0 | L10: 0 | M10: 0 | N10: 0 | O10: 0 | P10: 0 | Q10: 0 | R10: 0 | S10: 0 | T10: 0 | U10: 0 | V10: 0 | W10: 0 | X10: 0 | Y10: 0 | Z10: 0 | AA10: 0 | AB10: 0 | AC10: 0 | AD10: 0 | AE10: 0 | AF10: 0 | AG10: 0 | AH10: 0 | AI10: 0.156 | AJ10: 0 | AK10: 0 | AL10: 0 | AM10: 0 | AN10: 0 | AO10: 0 | AP10: 0 | AQ10: 0.044 | AR10: 0 | AS10: 0 | AT10: 0 | AU10: 0 | AV10: 0 | AW10: 0 | AX10: 0 | AY10: 0 | AZ10: 0 | BA10: 0 | BB10: 0 | BC10: 0 | BD10: 0 | BE10: 0 | BF10: 0 | BG10: 0 | BH10: 0 | BI10: 0 | BJ10: 0 | BK10: 0 | BL10: 0 | BM10: 0 | BN10: 0 | BO10: 0 | BP10: 0 | BQ10: 0 | BR10: 0 | BS10: 0 | BT10: 0 | BU10: 0 | BV10: 0 | BW10: 0 | BX10: 0 | BY10: 0 | BZ10: 0 | CA10: 0 | CB10: 0 | CC10: 0 | CD10: 0
A11: Polychaeta | B11: Ampharete acutifrons | C11: 0.04999995 | D11: 0 | E11: 0 | F11: 0.01333332 | G11: 0 | H11: 0.05333328 | I11: 0.31666635 | J11: 0.02999997 | K11: 0.60999939 | L11: 0 | M11: 0.32999967 | N11: 0.18333315 | O11: 0.01333332 | P11: 0 | Q11: 0 | R11: 0 | S11: 0.01666665 | T11: 0.02999997 | U11: 0 | V11: 0.06999993 | W11: 0.00333333 | X11: 0 | Y11: 0.03666663 | Z11: 0 | AA11: 0.02666664 | AB11: 0 | AC11: 0.00333333 | AD11: 0 | AE11: 0 | AF11: 0 | AG11: 0.00999999 | AH11: 0 | AI11: 0.138 | AJ11: 0.108 | AK11: 0.012 | AL11: 0.04 | AM11: 0.238 | AN11: 0.214 | AO11: 0.002 | AP11: 0.002 | AQ11: 0 | AR11: 0 | AS11: 0 | AT11: 0 | AU11: 0.199998 | AV11: 0 | AW11: 0 | AX11: 0 | AY11: 0 | AZ11: 0 | BA11: 0 | BB11: 0 | BC11: 0 | BD11: 0 | BE11: 0 | BF11: 0 | BG11: 0 | BH11: 0 | BI11: 0 | BJ11: 0 | BK11: 0 | BL11: 0 | BM11: 0 | BN11: 0 | BO11: 0 | BP11: 0 | BQ11: 0 | BR11: 0 | BS11: 0 | BT11: 0 | BU11: 0 | BV11: 0 | BW11: 0 | BX11: 0 | BY11: 0 | BZ11: 0 | CA11: 0 | CB11: 0 | CC11: 0 | CD11: 0
A12: Polychaeta | B12: Ampharete borealis | C12: 0 | D12: 0 | E12: 0 | F12: 0 | G12: 0.001666665 | H12: 0 | I12: 0 | J12: 0 | K12: 0 | L12: 0 | M12: 0 | N12: 0 | O12: 0 | P12: 0.04333329 | Q12: 0.12666654 | R12: 0 | S12: 0 | T12: 0 | U12: 0 | V12: 0 | W12: 0 | X12: 0 | Y12: 0 | Z12: 0 | AA12: 0 | AB12: 0 | AC12: 0.00333333 | AD12: 0 | AE12: 0 | AF12: 0 | AG12: 0 | AH12: 0.01333332 | AI12: 0 | AJ12: 0 | AK12: 0 | AL12: 0.002 | AM12: 0 | AN12: 0 | AO12: 0.036 | AP12: 0.058 | AQ12: 0.002 | AR12: 0 | AS12: 0 | AT12: 0 | AU12: 0 | AV12: 0 | AW12: 0 | AX12: 0 | AY12: 0 | AZ12: 0 | BA12: 0 | BB12: 0 | BC12: 0 | BD12: 0 | BE12: 0 | BF12: 0 | BG12: 0 | BH12: 0 | BI12: 0 | BJ12: 0 | BK12: 0 | BL12: 0 | BM12: 0 | BN12: 0 | BO12: 0 | BP12: 0 | BQ12: 0 | BR12: 0 | BS12: 0 | BT12: 0 | BU12: 0 | BV12: 0 | BW12: 0 | BX12: 0 | BY12: 0 | BZ12: 0 | CA12: 0 | CB12: 0 | CC12: 0 | CD12: 0
A13: Polychaeta | B13: Ampharete finmarchica | C13: 0 | D13: 0 | E13: 0 | F13: 0 | G13: 0 | H13: 0.00666666 | I13: 0 | J13: 0 | K13: 0 | L13: 0 | M13: 0 | N13: 0 | O13: 0 | P13: 0 | Q13: 0 | R13: 0 | S13: 0 | T13: 0 | U13: 0 | V13: 0 | W13: 0 | X13: 0 | Y13: 0 | Z13: 0.00666666 | AA13: 0 | AB13: 0 | AC13: 0 | AD13: 0 | AE13: 0 | AF13: 0 | AG13: 0 | AH13: 0 | AI13: 0 | AJ13: 0 | AK13: 0 | AL13: 0 | AM13: 0 | AN13: 0 | AO13: 0 | AP13: 0 | AQ13: 0.022 | AR13: 0 | AS13: 0 | AT13: 0 | AU13: 0 | AV13: 0 | AW13: 0 | AX13: 0 | AY13: 0 | AZ13: 0 | BA13: 0 | BB13: 0 | BC13: 0 | BD13: 0 | BE13: 0 | BF13: 0 | BG13: 0 | BH13: 0 | BI13: 0 | BJ13: 0 | BK13: 0 | BL13: 0 | BM13: 0 | BN13: 0 | BO13: 0 | BP13: 0 | BQ13: 0 | BR13: 0 | BS13: 0 | BT13: 0 | BU13: 0 | BV13: 0 | BW13: 0 | BX13: 0 | BY13: 0.000399996 | BZ13: 0.08133252 | CA13: 0.00466662 | CB13: 0.00399996 | CC13: 0 | CD13: 0
... A59: Polychaeta | B59: Minuspio cirrifera | C59: 0 | D59: 0 | E59: 0 | F59: 0 | G59: 0 | H59: 0 | I59: 0 | J59: 0 | K59: 0 | L59: 0 | M59: 0 | N59: 0 | O59: 0 | P59: 0 | Q59: 0.00333333 | R59: 0 | S59: 0 | T59: 0 | U59: 0 | V59: 0 | W59: 0 | X59: 0 | Y59: 0 | Z59: 0 | AA59: 0 | AB59: 0 | AC59: 0 | AD59: 0 | AE59: 0 | AF59: 0 | AG59: 0 | AH59: 0 | AI59: 0 | AJ59: 0 | AK59: 0 | AL59: 0 | AM59: 0 | AN59: 0 | AO59: 0 | AP59: 0 | AQ59: 0 | AR59: 0 | AS59: 0 | AT59: 0 | AU59: 0 | AV59: 0 | AW59: 0 | AX59: 0 | AY59: 0 | AZ59: 0 | BA59: 0 | BB59: 0 | BC59: 0 | BD59: 0 | BE59: 0 | BF59: 0 | BG59: 0 | BH59: 0 | BI59: 0 | BJ59: 0 | BK59: 0 | BL59: 0 | BM59: 0 | BN59: 0 | BO59: 0 | BP59: 0 | BQ59: 0 | BR59: 0 | BS59: 0 | BT59: 0 | BU59: 0 | BV59: 0 | BW59: 0 | BX59: 0 | BY59: 0 | BZ59: 0 | CA59: 0 | CB59: 0 | CC59: 0 | CD59: 0
B60: Nephthys longesetosa | C60: 0.00666666 | D60: 0.3666663 | E60: 0.11666655 | F60: 0.28666638 | G60: 0.18999981 | H60: 4.1266625 | I60: 0.004999995 | J60: 0.00666666 | K60: 0 | L60: 0.00666666 | M60: 1.1333322 | N60: 5.0333283 | O60: 2.0633313 | P60: 2.019998 | Q60: 0.20999979 | R60: 0.40333293 | S60: 0.20333313 | T60: 0.27333306 | U60: 2.7466392 | V60: 1.0599989 | W60: 2.323331 | X60: 0.3999996 | Y60: 0.59333274 | Z60: 1.029999 | AA60: 1.7699982 | AB60: 11.106656 | AC60: 0.71666595 | AD60: 0.64999935 | AE60: 1.9633314 | AF60: 2.4366642 | AG60: 0.80999919 | AH60: 2.2366644 | AI60: 0.178 | AJ60: 0.002 | AK60: 0.008 | AL60: 0.256 | AM60: 4.354 | AN60: 5.532 | AO60: 2.652 | AP60: 0.394 | AQ60: 5.828 | AR60: 0 | AS60: 0 | AT60: 0 | AU60: 0 | AV60: 0 | AW60: 0 | AX60: 0 | AY60: 0 | AZ60: 0 | BA60: 0 | BB60: 0 | BC60: 0 | BD60: 0 | BE60: 0 | BF60: 0 | BG60: 0 | BH60: 0 | BI60: 0 | BJ60: 0 | BK60: 0 | BL60: 0 | BM60: 0 | BN60: 0 | BO60: 0 | BP60: 0 | BQ60: 0 | BR60: 0 | BS60: 0 | BT60: 0 | BU60: 0 | BV60: 0 | BW60: 0 | BX60: 2.4399976 | BY60: 0.00266664 | BZ60: 0.10933224 | CA60: 0.33199668 | CB60: 0.35466312 | CC60: 0.428 | CD60: 0.1
A61: Polychaeta | B61: Nereis zonata | C61: 0 | D61: 0 | E61: 0 | F61: 0 | G61: 0 | H61: 0 | I61: 0 | J61: 0 | K61: 0 | L61: 0 | M61: 0 | N61: 0 | O61: 0 | P61: 0 | Q61: 0 | R61: 0 | S61: 0 | T61: 0 | U61: 0 | V61: 0 | W61: 0 | X61: 0 | Y61: 0 | Z61: 0 | AA61: 0 | AB61: 0 | AC61: 0 | AD61: 0 | AE61: 0 | AF61: 0 | AG61: 0 | AH61: 0 | AI61: 0 | AJ61: 0 | AK61: 0 | AL61: 0 | AM61: 0 | AN61: 0 | AO61: 0 | AP61: 0 | AQ61: 0.498 | AR61: 0 | AS61: 0 | AT61: 0 | AU61: 0 | AV61: 0 | AW61: 0 | AX61: 0 | AY61: 0 | AZ61: 0 | BA61: 0 | BB61: 0 | BC61: 0 | BD61: 0 | BE61: 0 | BF61: 0 | BG61: 0 | BH61: 0 | BI61: 0 | BJ61: 0 | BK61: 0 | BL61: 0 | BM61: 0 | BN61: 0 | BO61: 0 | BP61: 0 | BQ61: 0 | BR61: 0 | BS61: 0 | BT61: 0 | BU61: 0 | BV61: 0 | BW61: 0 | BX61: 0 | BY61: 0 | BZ61: 0 | CA61: 0 | CB61: 0 | CC61: 0 | CD61: 0
A62: Polychaeta | B62: Nicolea zostericola | C62: 0 | D62: 0 | E62: 0 | F62: 0 | G62: 0 | H62: 0 | I62: 0 | J62: 0 | K62: 0 | L62: 0 | M62: 0.04666662 | N62: 0 | O62: 0 | P62: 0 | Q62: 0 | R62: 0 | S62: 0 | T62: 0 | U62: 0 | V62: 0 | W62: 0 | X62: 0 | Y62: 0 | Z62: 0 | AA62: 0 | AB62: 0 | AC62: 0 | AD62: 0 | AE62: 0 | AF62: 0 | AG62: 0 | AH62: 0 | AI62: 0 | AJ62: 0 | AK62: 0 | AL62: 0 | AM62: 0 | AN62: 0 | AO62: 0 | AP62: 0 | AQ62: 0 | AR62: 0 | AS62: 0 | AT62: 0 | AU62: 0 | AV62: 0 | AW62: 0 | AX62: 0 | AY62: 0 | AZ62: 0 | BA62: 0 | BB62: 0 | BC62: 0 | BD62: 0 | BE62: 0 | BF62: 0 | BG62: 0 | BH62: 0 | BI62: 0 | BJ62: 0 | BK62: 0 | BL62: 0 | BM62: 0 | BN62: 0 | BO62: 0 | BP62: 0 | BQ62: 0 | BR62: 0 | BS62: 0 | BT62: 0 | BU62: 0 | BV62: 0 | BW62: 0 | BX62: 0 | BY62: 0 | BZ62: 0 | CA62: 0 | CB62: 0 | CC62: 0 | CD62: 0
A63: Polychaeta | B63: Nicomache lumbricalis | C63: 0 | D63: 0 | E63: 0 | F63: 0 | G63: 0 | H63: 0 | I63: 0 | J63: 0 | K63: 0 | L63: 0 | M63: 0 | N63: 0 | O63: 0 | P63: 0 | Q63: 0 | R63: 0 | S63: 0 | T63: 0 | U63: 0 | V63: 0 | W63: 0 | X63: 0 | Y63: 0.01666665 | Z63: 0 | AA63: 0 | AB63: 0 | AC63: 0 | AD63: 0 | AE63: 0 | AF63: 0 | AG63: 0 | AH63: 0 | AI63: 0 | AJ63: 0 | AK63: 0 | AL63: 0 | AM63: 0 | AN63: 0 | AO63: 0 | AP63: 0 | AQ63: 0 | AR63: 0 | AS63: 0 | AT63: 0 | AU63: 0 | AV63: 0 | AW63: 0 | AX63: 0 | AY63: 0 | AZ63: 0 | BA63: 0 | BB63: 0 | BC63: 0 | BD63: 0 | BE63: 0 | BF63: 0 | BG63: 0 | BH63: 0 | BI63: 0 | BJ63: 0 | BK63: 0 | BL63: 0 | BM63: 0 | BN63: 0 | BO63: 0 | BP63: 0 | BQ63: 0 | BR63: 0 | BS63: 0 | BT63: 0 | BU63: 0 | BV63: 0 | BW63: 0 | BX63: 0 | BY63: 0 | BZ63: 0 | CA63: 0 | CB63: 0 | CC63: 0 | CD63: 0
A64: Polychaeta | B64: Nicomache sp. | C64: 0 | D64: 0 | E64: 0 | F64: 0 | G64: 0 | H64: 0 | I64: 0 | J64: 0 | K64: 0 | L64: 0 | M64: 0 | N64: 0 | O64: 0 | P64: 0 | Q64: 0 | R64: 0 | S64: 0 | T64: 0 | U64: 0 | V64: 0 | W64: 0 | X64: 0 | Y64: 0 | Z64: 0 | AA64: 0 | AB64: 0 | AC64: 0 | AD64: 0 | AE64: 0 | AF64: 0 | AG64: 0 | AH64: 0 | AI64: 0.006 | AJ64: 0 | AK64: 0 | AL64: 0 | AM64: 0 | AN64: 0 | AO64: 0 | AP64: 0 | AQ64: 0 | AR64: 0 | AS64: 0 | AT64: 0 | AU64: 0 | AV64: 0 | AW64: 0 | AX64: 0 | AY64: 0 | AZ64: 0 | BA64: 0 | BB64: 0 | BC64: 0 | BD64: 0 | BE64: 0 | BF64: 0 | BG64: 0 | BH64: 0 | BI64: 0 | BJ64: 0 | BK64: 0 | BL64: 0 | BM64: 0 | BN64: 0 | BO64: 0 | BP64: 0 | BQ64: 0 | BR64: 0 | BS64: 0 | BT64: 0 | BU64: 0 | BV64: 0 | BW64: 0 | BX64: 0 | BY64: 0 | BZ64: 0 | CA64: 0 | CB64: 0 | CC64: 0 | CD64: 0
A65: Polychaeta | B65: Nothria hyperborea | C65: 0 | D65: 0 | E65: 0 | F65: 0 | G65: 0 | H65: 0 | I65: 0 | J65: 0 | K65: 0 | L65: 0 | M65: 0 | N65: 0 | O65: 0 | P65: 0 | Q65: 0 | R65: 0 | S65: 0 | T65: 0 | U65: 0 | V65: 0 | W65: 0 | X65: 0 | Y65: 0 | Z65: 0 | AA65: 0 | AB65: 0 | AC65: 0 | AD65: 0 | AE65: 0 | AF65: 0 | AG65: 0 | AH65: 0 | AI65: 0.196 | AJ65: 0 | AK65: 0 | AL65: 0 | AM65: 0 | AN65: 0 | AO65: 0 | AP65: 0 | AQ65: 0.596 | AR65: 0 | AS65: 0 | AT65: 0 | AU65: 0 | AV65: 0 | AW65: 0 | AX65: 0 | AY65: 0 | AZ65: 0 | BA65: 0 | BB65: 0 | BC65: 0 | BD65: 0 | BE65: 0 | BF65: 0 | BG65: 0 | BH65: 0 | BI65: 0 | BJ65: 0 | BK65: 0 | BL65: 0 | BM65: 0 | BN65: 0 | BO65: 0 | BP65: 0 | BQ65: 0 | BR65: 0 | BS65: 0 | BT65: 0 | BU65: 0 | BV65: 0 | BW65: 0 | BX65: 0 | BY65: 0 | BZ65: 0 | CA65: 0 | CB65: 0 | CC65: 0 | CD65: 0
A66: Polychaeta | B66: Notomastus latericeus | C66: 0 | D66: 0 | E66: 0 | F66: 0 | G66: 0 | H66: 0 | I66: 0 | J66: 0 | K66: 0 | L66: 0 | M66: 0 | N66: 0 | O66: 0 | P66: 0 | Q66: 0 | R66: 0 | S66: 0 | T66: 0 | U66: 0 | V66: 0 | W66: 0 | X66: 0 | Y66: 0 | Z66: 0 | AA66: 0 | AB66: 0 | AC66: 0 | AD66: 0 | AE66: 0 | AF66: 0 | AG66: 0 | AH66: 0 | AI66: 0.068 | AJ66: 0.01 | AK66: 0 | AL66: 0.016 | AM66: 0.002 | AN66: 0.066 | AO66: 0 | AP66: 0.002 | AQ66: 0.006 | AR66: 0 | AS66: 0 | AT66: 0 | AU66: 0.0066666 | AV66: 0 | AW66: 0 | AX66: 0 | AY66: 0 | AZ66: 0 | BA66: 0 | BB66: 0 | BC66: 0 | BD66: 0 | BE66: 0 | BF66: 0 | BG66: 0 | BH66: 0 | BI66: 0 | BJ66: 0 | BK66: 0 | BL66: 0 | BM66: 0 | BN66: 0 | BO66: 0 | BP66: 0 | BQ66: 0 | BR66: 0 | BS66: 0 | BT66: 0 | BU66: 0 | BV66: 0.006 | BW66: 0.002 | BX66: 0 | BY66: 0 | BZ66: 0 | CA66: 0 | CB66: 0 | CC66: 0 | CD66: 0
A67: Polychaeta | B67: Ophelia limacina | C67: 0 | D67: 0 | E67: 0 | F67: 0.00333333 | G67: 0 | H67: 0 | I67: 0 | J67: 0 | K67: 0 | L67: 0 | M67: 0 | N67: 0 | O67: 0.01333332 | P67: 0 | Q67: 0.09666657 | R67: 0 | S67: 0.001666665 | T67: 0 | U67: 0 | V67: 0.25666641 | W67: 0 | X67: 2.3499977 | Y67: 0 | Z67: 2.1066646 | AA67: 0 | AB67: 0 | AC67: 0.4333329 | AD67: 0.06333327 | AE67: 0.75666591 | AF67: 0.00666666 | AG67: 0.01666665 | AH67: 0 | AI67: 0 | AJ67: 0 | AK67: 1.958 | AL67: 0.216 | AM67: 0.002 | AN67: 0 | AO67: 0.002 | AP67: 2.822 | AQ67: 0 | AR67: 0 | AS67: 0 | AT67: 0 | AU67: 0 | AV67: 0 | AW67: 0 | AX67: 0 | AY67: 0 | AZ67: 0 | BA67: 0 | BB67: 0 | BC67: 0 | BD67: 0 | BE67: 0 | BF67: 0 | BG67: 0 | BH67: 0 | BI67: 0 | BJ67: 0 | BK67: 0 | BL67: 0 | BM67: 0 | BN67: 0 | BO67: 0 | BP67: 0 | BQ67: 0 | BR67: 0 | BS67: 0 | BT67: 0 | BU67: 0 | BV67: 0 | BW67: 0 | BX67: 0 | BY67: 0.0133332 | BZ67: 0.033333 | CA67: 0.23733096 | CB67: 0.21466452 | CC67: 0.4304 | CD67: 0.6528
A68: Polychaeta | B68: Ophelina cylindricaudata | C68: 0.06333327 | D68: 0.01333332 | E68: 0.03666663 | F68: 0 | G68: 0 | H68: 0.02333331 | I68: 0.00666666 | J68: 0 | K68: 0 | L68: 0.00666666 | M68: 0 | N68: 0.00666666 | O68: 0.00666666 | P68: 0 | Q68: 0 | R68: 0 | S68: 0 | T68: 0.0333333 | U68: 0 | V68: 0 | W68: 0 | X68: 0 | Y68: 0.00666666 | Z68: 0.00333333 | AA68: 0.01333332 | AB68: 0 | AC68: 0 | AD68: 0 | AE68: 0 | AF68: 0 | AG68: 0 | AH68: 0 | AI68: 0 | AJ68: 0 | AK68: 0 | AL68: 0 | AM68: 0.004 | AN68: 0 | AO68: 0.002 | AP68: 0 | AQ68: 0 | AR68: 0 | AS68: 0 | AT68: 0 | AU68: 0 | AV68: 0 | AW68: 0 | AX68: 0 | AY68: 0 | AZ68: 0 | BA68: 0 | BB68: 0 | BC68: 0 | BD68: 0 | BE68: 0 | BF68: 0 | BG68: 0 | BH68: 0 | BI68: 0 | BJ68: 0 | BK68: 0 | BL68: 0 | BM68: 0 | BN68: 0 | BO68: 0 | BP68: 0 | BQ68: 0 | BR68: 0 | BS68: 0 | BT68: 0 | BU68: 0 | BV68: 0 | BW68: 0 | BX68: 0 | BY68: 0 | BZ68: 0 | CA68: 0.00799992 | CB68: 0 | CC68: 0.0064 | CD68: 0
A69: Polychaeta | B69: Owenia fusiformis | C69: 0 | D69: 0 | E69: 0.01333332 | F69: 1.0066657 | G69: 3.0599969 | H69: 0.01999998 | I69: 0 | J69: 0 | K69: 0 | L69: 0.02666664 | M69: 0 | N69: 0 | O69: 0.00999999 | P69: 0.2666664 | Q69: 0.048333285 | R69: 0.39666627 | S69: 0.14666652 | T69: 0.10333323 | U69: 0 | V69: 0.14666652 | W69: 0 | X69: 0 | Y69: 0.11333322 | Z69: 0 | AA69: 0.74333259 | AB69: 0.11333322 | AC69: 0.01333332 | AD69: 0.01333332 | AE69: 0.05999994 | AF69: 0.01333332 | AG69: 0.00333333 | AH69: 0.09333324 | AI69: 0.016 | AJ69: 0.132 | AK69: 0.03 | AL69: 0.174 | AM69: 0.006 | AN69: 0 | AO69: 0.55628571 | AP69: 0.066857143 | AQ69: 0.02 | AR69: 0 | AS69: 0 | AT69: 0 | AU69: 0 | AV69: 0 | AW69: 0 | AX69: 0 | AY69: 0 | AZ69: 0 | BA69: 0 | BB69: 0 | BC69: 0 | BD69: 0 | BE69: 0 | BF69: 0 | BG69: 0 | BH69: 0 | BI69: 0 | BJ69: 0 | BK69: 0 | BL69: 0 | BM69: 0 | BN69: 0 | BO69: 0 | BP69: 0 | BQ69: 0 | BR69: 0 | BS69: 0 | BT69: 0 | BU69: 0 | BV69: 0 | BW69: 0 | BX69: 0 | BY69: 0.00133332 | BZ69: 0.00133332 | CA69: 0.10133232 | CB69: 0.07066596 | CC69: 0.64674286 | CD69: 0.91234286
A70: Polychaeta | B70: Paraonidae gen.sp. | C70: 0 | D70: 0 | E70: 0 | F70: 0 | G70: 0 | H70: 0 | I70: 0 | J70: 0 | K70: 0 | L70: 0 | M70: 0 | N70: 0 | O70: 0 | P70: 0 | Q70: 0 | R70: 0 | S70: 0 | T70: 0 | U70: 0 | V70: 0 | W70: 0 | X70: 0 | Y70: 0.004999995 | Z70: 0 | AA70: 0 | AB70: 0 | AC70: 0 | AD70: 0 | AE70: 0 | AF70: 0 | AG70: 0 | AH70: 0 | AI70: 0 | AJ70: 0 | AK70: 0 | AL70: 0 | AM70: 0 | AN70: 0 | AO70: 0 | AP70: 0 | AQ70: 0 | AR70: 0 | AS70: 0 | AT70: 0 | AU70: 0 | AV70: 0 | AW70: 0 | AX70: 0 | AY70: 0 | AZ70: 0 | BA70: 0 | BB70: 0 | BC70: 0 | BD70: 0 | BE70: 0 | BF70: 0 | BG70: 0 | BH70: 0 | BI70: 0 | BJ70: 0 | BK70: 0 | BL70: 0 | BM70: 0 | BN70: 0 | BO70: 0 | BP70: 0 | BQ70: 0 | BR70: 0 | BS70: 0 | BT70: 0 | BU70: 0 | BV70: 0 | BW70: 0 | BX70: 0 | BY70: 0 | BZ70: 0 | CA70: 0 | CB70: 0 | CC70: 0 | CD70: 0
A71: Polychaeta | B71: Pectinaria hyperborea | C71: 0.91333242 | D71: 1.5566651 | E71: 0 | F71: 0.01333332 | G71: 0 | H71: 0 | I71: 0 | J71: 0.78333255 | K71: 0.09666657 | L71: 0 | M71: 0.00333333 | N71: 1.0666656 | O71: 0.01333332 | P71: 0.02333331 | Q71: 0 | R71: 0 | S71: 0.02999997 | T71: 0.14666652 | U71: 10.119899 | V71: 0.02666664 | W71: 4.383329 | X71: 0.2666664 | Y71: 0.06999993 | Z71: 0 | AA71: 0 | AB71: 0.15333318 | AC71: 0 | AD71: 0 | AE71: 0 | AF71: 0.00333333 | AG71: 0.01333332 | AH71: 0.00333333 | AI71: 0 | AJ71: 0 | AK71: 0 | AL71: 2.062 | AM71: 0 | AN71: 0 | AO71: 0 | AP71: 0 | AQ71: 0 | AR71: 0 | AS71: 0 | AT71: 0 | AU71: 0 | AV71: 0 | AW71: 0 | AX71: 0 | AY71: 0 | AZ71: 0 | BA71: 0 | BB71: 0 | BC71: 0 | BD71: 0 | BE71: 0 | BF71: 0 | BG71: 0 | BH71: 0 | BI71: 0 | BJ71: 0 | BK71: 0 | BL71: 0 | BM71: 0 | BN71: 0 | BO71: 0 | BP71: 0 | BQ71: 0 | BR71: 0 | BS71: 0 | BT71: 0 | BU71: 0 | BV71: 0 | BW71: 0 | BX71: 0 | BY71: 0 | BZ71: 0 | CA71: 0 | CB71: 0 | CC71: 0 | CD71: 0
A72: Polychaeta | B72: Petaloproctus tenuis | C72: 0 | D72: 0 | E72: 0 | F72: 0 | G72: 0 | H72: 0 | I72: 0 | J72: 0 | K72: 0 | L72: 0 | M72: 0 | N72: 0 | O72: 0 | P72: 0 | Q72: 0 | R72: 0 | S72: 0 | T72: 0 | U72: 0.0733326 | V72: 0 | W72: 0 | X72: 0 | Y72: 0 | Z72: 0 | AA72: 0 | AB72: 0.00333333 | AC72: 0 | AD72: 0 | AE72: 0 | AF72: 0 | AG72: 0 | AH72: 0 | AI72: 0 | AJ72: 0 | AK72: 0 | AL72: 0 | AM72: 0 | AN72: 0 | AO72: 0 | AP72: 0 | AQ72: 0 | AR72: 0 | AS72: 0 | AT72: 0 | AU72: 0 | AV72: 0 | AW72: 0 | AX72: 0 | AY72: 0 | AZ72: 0 | BA72: 0 | BB72: 0 | BC72: 0 | BD72: 0 | BE72: 0 | BF72: 0 | BG72: 0 | BH72: 0 | BI72: 0 | BJ72: 0 | BK72: 0 | BL72: 0 | BM72: 0 | BN72: 0 | BO72: 0 | BP72: 0 | BQ72: 0 | BR72: 0 | BS72: 0 | BT72: 0 | BU72: 0 | BV72: 0 | BW72: 0 | BX72: 0 | BY72: 0.0066666 | BZ72: 0 | CA72: 0 | CB72: 0 | CC72: 0 | CD72: 0
A73: Polychaeta | B73: Pherusa plumosa | C73: 0.11333322 | D73: 0 | E73: 0.04999995 | F73: 0 | G73: 0 | H73: 0.06333327 | I73: 0 | J73: 0 | K73: 0.01666665 | L73: 0 | M73: 0 | N73: 0 | O73: 0 | P73: 0.00666666 | Q73: 0 | R73: 0.02333331 | S73: 0.001666665 | T73: 0.04333329 | U73: 0 | V73: 0 | W73: 0 | X73: 0 | Y73: 0 | Z73: 0 | AA73: 0.02666664 | AB73: 0 | AC73: 0 | AD73: 0 | AE73: 0 | AF73: 0 | AG73: 0 | AH73: 0 | AI73: 0 | AJ73: 0 | AK73: 0 | AL73: 0 | AM73: 0 | AN73: 0 | AO73: 0 | AP73: 0 | AQ73: 0 | AR73: 0 | AS73: 0 | AT73: 0 | AU73: 0 | AV73: 0 | AW73: 0 | AX73: 0 | AY73: 0 | AZ73: 0 | BA73: 0 | BB73: 0 | BC73: 0 | BD73: 0 | BE73: 0 | BF73: 0 | BG73: 0 | BH73: 0 | BI73: 0 | BJ73: 0 | BK73: 0 | BL73: 0 | BM73: 0 | BN73: 0 | BO73: 0 | BP73: 0 | BQ73: 0 | BR73: 0 | BS73: 0 | BT73: 0 | BU73: 0 | BV73: 0 | BW73: 0 | BX73: 0 | BY73: 0 | BZ73: 0 | CA73: 0 | CB73: 0 | CC73: 0 | CD73: 0
B74: Phyllodoce maculata | C74: 0 | D74: 0 | E74: 0 | F74: 0 | G74: 0.49666617 | H74: 5.0699949 | I74: 0 | J74: 0 | K74: 0 | L74: 0.05666661 | M74: 0.25666641 | N74: 0 | O74: 0 | P74: 0.01333332 | Q74: 0 | R74: 0.11333322 | S74: 0 | T74: 0 | U74: 0 | V74: 0 | W74: 0 | X74: 0.13999986 | Y74: 0 | Z74: 0.35666631 | AA74: 0.04666662 | AB74: 0.00999999 | AC74: 0.04999995 | AD74: 0.00666666 | AE74: 0 | AF74: 0 | AG74: 0 | AH74: 0.00999999 | AI74: 0.02 | AJ74: 0.252 | AK74: 0.002 | AL74: 0.146 | AM74: 0 | AN74: 0 | AO74: 0.002 | AP74: 0.626 | AQ74: 0.028 | AR74: 0 | AS74: 0 | AT74: 0 | AU74: 0.0133332 | AV74: 0 | AW74: 0 | AX74: 0 | AY74: 0 | AZ74: 0 | BA74: 0 | BB74: 0 | BC74: 0 | BD74: 0 | BE74: 0 | BF74: 0 | BG74: 0 | BH74: 0 | BI74: 0 | BJ74: 0 | BK74: 0 | BL74: 0 | BM74: 0 | BN74: 0 | BO74: 0 | BP74: 0 | BQ74: 0 | BR74: 0 | BS74: 0 | BT74: 0 | BU74: 0 | BV74: 0.028 | BW74: 0 | BX74: 0 | BY74: 0.00933324 | BZ74: 0.15866508 | CA74: 0.01199988 | CB74: 0.01199988 | CC74: 0.0272 | CD74: 0.2424
A75: Polychaeta | B75: Pista bansei | C75: 0 | D75: 0 | E75: 0 | F75: 0.01999998 | G75: 0 | H75: 0 | I75: 0 | J75: 0 | K75: 0 | L75: 0 | M75: 0 | N75: 0 | O75: 0 | P75: 0.02666664 | Q75: 0 | R75: 0.06333327 | S75: 0.06999993 | T75: 0.24666642 | U75: 0 | V75: 0 | W75: 0 | X75: 0 | Y75: 0 | Z75: 0 | AA75: 0.00333333 | AB75: 0 | AC75: 0.00666666 | AD75: 0 | AE75: 0 | AF75: 0 | AG75: 0 | AH75: 0 | AI75: 0 | AJ75: 0 | AK75: 0 | AL75: 0 | AM75: 0 | AN75: 0 | AO75: 0 | AP75: 0 | AQ75: 0 | AR75: 0 | AS75: 0 | AT75: 0 | AU75: 0 | AV75: 0 | AW75: 0 | AX75: 0 | AY75: 0 | AZ75: 0 | BA75: 0 | BB75: 0 | BC75: 0 | BD75: 0 | BE75: 0 | BF75: 0 | BG75: 0 | BH75: 0 | BI75: 0 | BJ75: 0 | BK75: 0 | BL75: 0 | BM75: 0 | BN75: 0 | BO75: 0 | BP75: 0 | BQ75: 0 | BR75: 0 | BS75: 0 | BT75: 0 | BU75: 0 | BV75: 0 | BW75: 0 | BX75: 0 | BY75: 0 | BZ75: 0 | CA75: 0 | CB75: 0 | CC75: 0 | CD75: 0
A76: Polychaeta | B76: Pista maculata | C76: 0 | D76: 0 | E76: 0 | F76: 0.10999989 | G76: 0 | H76: 0 | I76: 0 | J76: 0 | K76: 0 | L76: 0 | M76: 0 | N76: 0 | O76: 0 | P76: 0.00666666 | Q76: 0 | R76: 0 | S76: 0.21999978 | T76: 0 | U76: 0 | V76: 0 | W76: 0 | X76: 0 | Y76: 0 | Z76: 0 | AA76: 0 | AB76: 0 | AC76: 0 | AD76: 0 | AE76: 0 | AF76: 0 | AG76: 0 | AH76: 0 | AI76: 0 | AJ76: 0 | AK76: 0 | AL76: 0 | AM76: 0 | AN76: 0 | AO76: 0 | AP76: 0 | AQ76: 0 | AR76: 0 | AS76: 0 | AT76: 0 | AU76: 0 | AV76: 0 | AW76: 0 | AX76: 0 | AY76: 0 | AZ76: 0 | BA76: 0 | BB76: 0 | BC76: 0 | BD76: 0 | BE76: 0 | BF76: 0 | BG76: 0 | BH76: 0 | BI76: 0 | BJ76: 0 | BK76: 0 | BL76: 0 | BM76: 0 | BN76: 0 | BO76: 0 | BP76: 0 | BQ76: 0 | BR76: 0 | BS76: 0 | BT76: 0 | BU76: 0 | BV76: 0 | BW76: 0 | BX76: 0 | BY76: 0 | BZ76: 0 | CA76: 0 | CB76: 0 | CC76: 0 | CD76: 0
A77: Polychaeta | B77: Polydora sp. | C77: 0 | D77: 0 | E77: 0 | F77: 0 | G77: 0 | H77: 0 | I77: 0 | J77: 0 | K77: 0 | L77: 0 | M77: 0 | N77: 0 | O77: 0.00333333 | P77: 0 | Q77: 0 | R77: 0 | S77: 0 | T77: 0 | U77: 0 | V77: 0 | W77: 0 | X77: 0 | Y77: 0 | Z77: 0 | AA77: 0 | AB77: 0 | AC77: 0 | AD77: 0 | AE77: 0 | AF77: 0.02333331 | AG77: 0.00999999 | AH77: 0.00999999 | AI77: 0.004 | AJ77: 0 | AK77: 0 | AL77: 0 | AM77: 0.008 | AN77: 0.004 | AO77: 0 | AP77: 0 | AQ77: 0 | AR77: 0 | AS77: 0 | AT77: 0 | AU77: 0 | AV77: 0 | AW77: 0 | AX77: 0 | AY77: 0 | AZ77: 0 | BA77: 0 | BB77: 0 | BC77: 0 | BD77: 0 | BE77: 0 | BF77: 0 | BG77: 0 | BH77: 0 | BI77: 0 | BJ77: 0 | BK77: 0 | BL77: 0 | BM77: 0 | BN77: 0 | BO77: 0 | BP77: 0 | BQ77: 0 | BR77: 0 | BS77: 0 | BT77: 0 | BU77: 0 | BV77: 0 | BW77: 0 | BX77: 0 | BY77: 0 | BZ77: 0 | CA77: 0 | CB77: 0 | CC77: 0 | CD77: 0
A78: Polychaeta | B78: Polynoidae gen.sp. Juv. | C78: 0 | D78: 0 | E78: 0 | F78: 0 | G78: 0 | H78: 0 | I78: 0 | J78: 0 | K78: 0 | L78: 0 | M78: 0 | N78: 0 | O78: 0 | P78: 0 | Q78: 0 | R78: 0 | S78: 0 | T78: 0 | U78: 0 | V78: 0 | W78: 0 | X78: 0 | Y78: 0 | Z78: 0 | AA78: 0 | AB78: 0 | AC78: 0 | AD78: 0 | AE78: 0 | AF78: 0 | AG78: 0 | AH78: 0 | AI78: 0.022 | AJ78: 0.006 | AK78: 0 | AL78: 0 | AM78: 0.002 | AN78: 0 | AO78: 0.006 | AP78: 0 | AQ78: 0.17 | AR78: 0 | AS78: 0 | AT78: 0 | AU78: 0.0033333 | AV78: 0 | AW78: 0 | AX78: 0 | AY78: 0 | AZ78: 0 | BA78: 0 | BB78: 0 | BC78: 0 | BD78: 0 | BE78: 0 | BF78: 0 | BG78: 0 | BH78: 0 | BI78: 0 | BJ78: 0 | BK78: 0 | BL78: 0 | BM78: 0 | BN78: 0 | BO78: 0 | BP78: 0 | BQ78: 0 | BR78: 0 | BS78: 0 | BT78: 0 | BU78: 0 | BV78: 0 | BW78: 0 | BX78: 0 | BY78: 0.000799992 | BZ78: 0 | CA78: 0.0066666 | CB78: 0.00399996 | CC78: 0 | CD78: 0
A79: Polychaeta | B79: Polynoinae gen.sp. | C79: 0 | D79: 0 | E79: 0 | F79: 0 | G79: 0 | H79: 0 | I79: 0.01999998 | J79: 0 | K79: 0 | L79: 0 | M79: 0 | N79: 0.02666664 | O79: 0 | P79: 0 | Q79: 0 | R79: 0 | S79: 0 | T79: 0 | U79: 0 | V79: 0.01999998 | W79: 0 | X79: 0 | Y79: 0 | Z79: 0 | AA79: 0 | AB79: 0 | AC79: 0 | AD79: 0 | AE79: 0 | AF79: 0.00333333 | AG79: 0 | AH79: 0.00333333 | AI79: 0 | AJ79: 0 | AK79: 0 | AL79: 0 | AM79: 0 | AN79: 0 | AO79: 0 | AP79: 0 | AQ79: 0 | AR79: 0 | AS79: 0 | AT79: 0 | AU79: 0 | AV79: 0 | AW79: 0 | AX79: 0 | AY79: 0 | AZ79: 0 | BA79: 0 | BB79: 0 | BC79: 0 | BD79: 0 | BE79: 0 | BF79: 0 | BG79: 0 | BH79: 0 | BI79: 0 | BJ79: 0 | BK79: 0 | BL79: 0 | BM79: 0 | BN79: 0 | BO79: 0 | BP79: 0 | BQ79: 0 | BR79: 0 | BS79: 0 | BT79: 0 | BU79: 0 | BV79: 0 | BW79: 0 | BX79: 0 | BY79: 0 | BZ79: 0 | CA79: 0 | CB79: 0 | CC79: 0 | CD79: 0
A80: Polychaeta | B80: Polynoidae ad. | C80: 0 | D80: 0 | E80: 0 | F80: 0 | G80: 0 | H80: 0 | I80: 0 | J80: 0 | K80: 0 | L80: 0 | M80: 0 | N80: 0 | O80: 0 | P80: 0 | Q80: 0 | R80: 0 | S80: 0 | T80: 0 | U80: 0 | V80: 0 | W80: 0 | X80: 0 | Y80: 0 | Z80: 0 | AA80: 0 | AB80: 0 | AC80: 0 | AD80: 0 | AE80: 0 | AF80: 0 | AG80: 0 | AH80: 0 | AI80: 0 | AJ80: 0 | AK80: 0 | AL80: 0 | AM80: 0 | AN80: 0 | AO80: 0 | AP80: 0 | AQ80: 1.746 | AR80: 0 | AS80: 0 | AT80: 0 | AU80: 0 | AV80: 0 | AW80: 0 | AX80: 0 | AY80: 0 | AZ80: 0 | BA80: 0 | BB80: 0 | BC80: 0 | BD80: 0 | BE80: 0 | BF80: 0 | BG80: 0 | BH80: 0 | BI80: 0 | BJ80: 0 | BK80: 0 | BL80: 0 | BM80: 0 | BN80: 0 | BO80: 0 | BP80: 0 | BQ80: 0 | BR80: 0 | BS80: 0 | BT80: 0 | BU80: 0 | BV80: 0 | BW80: 0 | BX80: 0 | BY80: 0 | BZ80: 0 | CA80: 0 | CB80: 0 | CC80: 0 | CD80: 0
A81: Polychaeta | B81: Potamilla neglecta | C81: 0 | D81: 0 | E81: 0 | F81: 0 | G81: 0 | H81: 0 | I81: 0 | J81: 0 | K81: 0 | L81: 0 | M81: 0 | N81: 0 | O81: 0 | P81: 0 | Q81: 0 | R81: 0 | S81: 0 | T81: 0 | U81: 0 | V81: 0 | W81: 0 | X81: 0 | Y81: 0 | Z81: 0 | AA81: 0 | AB81: 0 | AC81: 0 | AD81: 0 | AE81: 0 | AF81: 0 | AG81: 0 | AH81: 0 | AI81: 0 | AJ81: 0.078 | AK81: 0 | AL81: 0 | AM81: 0 | AN81: 0 | AO81: 0 | AP81: 0 | AQ81: 0 | AR81: 0 | AS81: 0 | AT81: 0 | AU81: 0 | AV81: 0 | AW81: 0 | AX81: 0 | AY81: 0 | AZ81: 0 | BA81: 0 | BB81: 0 | BC81: 0 | BD81: 0 | BE81: 0 | BF81: 0 | BG81: 0 | BH81: 0 | BI81: 0 | BJ81: 0 | BK81: 0 | BL81: 0 | BM81: 0 | BN81: 0 | BO81: 0 | BP81: 0 | BQ81: 0 | BR81: 0 | BS81: 0 | BT81: 0 | BU81: 0 | BV81: 0 | BW81: 0 | BX81: 0 | BY81: 0 | BZ81: 0 | CA81: 0 | CB81: 0 | CC81: 0 | CD81: 0
A82: Polychaeta | B82: Praxillella gracilis | C82: 0 | D82: 0 | E82: 0 | F82: 0 | G82: 0 | H82: 0 | I82: 0 | J82: 0 | K82: 0 | L82: 0 | M82: 0 | N82: 0 | O82: 0 | P82: 0 | Q82: 0 | R82: 0 | S82: 0 | T82: 0 | U82: 0 | V82: 0 | W82: 0 | X82: 0 | Y82: 0 | Z82: 0 | AA82: 0 | AB82: 0 | AC82: 0 | AD82: 0 | AE82: 0 | AF82: 0 | AG82: 0 | AH82: 0 | AI82: 0.05 | AJ82: 0 | AK82: 0 | AL82: 0 | AM82: 0.074 | AN82: 0 | AO82: 1.06 | AP82: 0.002 | AQ82: 0.1 | AR82: 0 | AS82: 0 | AT82: 0 | AU82: 0 | AV82: 0 | AW82: 0 | AX82: 0 | AY82: 0 | AZ82: 0 | BA82: 0 | BB82: 0 | BC82: 0 | BD82: 0 | BE82: 0 | BF82: 0 | BG82: 0 | BH82: 0 | BI82: 0 | BJ82: 0 | BK82: 0 | BL82: 0 | BM82: 0 | BN82: 0 | BO82: 0 | BP82: 0 | BQ82: 0 | BR82: 0 | BS82: 0 | BT82: 0 | BU82: 0 | BV82: 0 | BW82: 0 | BX82: 0 | BY82: 0 | BZ82: 0 | CA82: 0 | CB82: 0 | CC82: 0 | CD82: 0
A83: Polychaeta | B83: Praxillella praetermissa | C83: 0.03666663 | D83: 0 | E83: 0.03999996 | F83: 0.41333292 | G83: 0.23999976 | H83: 0 | I83: 0 | J83: 0 | K83: 0 | L83: 0 | M83: 0 | N83: 0.02333331 | O83: 0.00666666 | P83: 0.24333309 | Q83: 0.11999988 | R83: 0.80333253 | S83: 0.32999967 | T83: 2.8633305 | U83: 0.1766649 | V83: 0.26333307 | W83: 1.7666649 | X83: 0.10666656 | Y83: 0 | Z83: 0.35333298 | AA83: 0.13999986 | AB83: 1.0933322 | AC83: 0.57333276 | AD83: 0 | AE83: 0.00333333 | AF83: 0 | AG83: 0.10666656 | AH83: 0.001666665 | AI83: 0.294 | AJ83: 0.014 | AK83: 0.004 | AL83: 0.518 | AM83: 0 | AN83: 0 | AO83: 0 | AP83: 0 | AQ83: 0 | AR83: 0 | AS83: 0 | AT83: 0 | AU83: 0 | AV83: 0 | AW83: 0 | AX83: 0 | AY83: 0 | AZ83: 0 | BA83: 0 | BB83: 0 | BC83: 0 | BD83: 0 | BE83: 0 | BF83: 0 | BG83: 0 | BH83: 0 | BI83: 0 | BJ83: 0 | BK83: 0 | BL83: 0 | BM83: 0 | BN83: 0 | BO83: 0 | BP83: 0 | BQ83: 0 | BR83: 0 | BS83: 0 | BT83: 0 | BU83: 0 | BV83: 0 | BW83: 0 | BX83: 0 | BY83: 0.00533328 | BZ83: 0.002933304 | CA83: 0.08133252 | CB83: 0.20933124 | CC83: 0 | CD83: 0.00744
A84: Polychaeta | B84: Pygospio elegans | C84: 0 | D84: 0 | E84: 0 | F84: 0 | G84: 0 | H84: 0 | I84: 0 | J84: 0 | K84: 0 | L84: 0 | M84: 0 | N84: 0 | O84: 0 | P84: 0 | Q84: 0 | R84: 0 | S84: 0 | T84: 0 | U84: 0 | V84: 0 | W84: 0 | X84: 0 | Y84: 0 | Z84: 0 | AA84: 0 | AB84: 0 | AC84: 0 | AD84: 0 | AE84: 0 | AF84: 0 | AG84: 0 | AH84: 0 | AI84: 0 | AJ84: 0 | AK84: 0 | AL84: 0 | AM84: 0 | AN84: 0 | AO84: 0 | AP84: 0 | AQ84: 0 | AR84: 0 | AS84: 0 | AT84: 0 | AU84: 0 | AV84: 0 | AW84: 0 | AX84: 0 | AY84: 0 | AZ84: 0 | BA84: 0 | BB84: 0 | BC84: 0 | BD84: 0 | BE84: 0 | BF84: 0 | BG84: 0 | BH84: 0 | BI84: 0 | BJ84: 0 | BK84: 0 | BL84: 0 | BM84: 0 | BN84: 0 | BO84: 0 | BP84: 0 | BQ84: 0 | BR84: 0 | BS84: 0 | BT84: 0 | BU84: 0 | BV84: 0.408 | BW84: 0.012 | BX84: 0.00333333 | BY84: 0 | BZ84: 0 | CA84: 0 | CB84: 0 | CC84: 0 | CD84: 0
A85: Polychaeta | B85: Pilargidae sp. | C85: 0 | D85: 0 | E85: 0 | F85: 0 | G85: 0 | H85: 0 | I85: 0 | J85: 0 | K85: 0 | L85: 0 | M85: 0 | N85: 0 | O85: 0 | P85: 0 | Q85: 0 | R85: 0 | S85: 0 | T85: 0 | U85: 0 | V85: 0 | W85: 0 | X85: 0 | Y85: 0 | Z85: 0 | AA85: 0 | AB85: 0 | AC85: 0 | AD85: 0 | AE85: 0 | AF85: 0 | AG85: 0 | AH85: 0 | AI85: 0 | AJ85: 0 | AK85: 0 | AL85: 0 | AM85: 0 | AN85: 0 | AO85: 0 | AP85: 0 | AQ85: 0.092 | AR85: 0 | AS85: 0 | AT85: 0 | AU85: 0 | AV85: 0 | AW85: 0 | AX85: 0 | AY85: 0 | AZ85: 0 | BA85: 0 | BB85: 0 | BC85: 0 | BD85: 0 | BE85: 0 | BF85: 0 | BG85: 0 | BH85: 0 | BI85: 0 | BJ85: 0 | BK85: 0 | BL85: 0 | BM85: 0 | BN85: 0 | BO85: 0 | BP85: 0 | BQ85: 0 | BR85: 0 | BS85: 0 | BT85: 0 | BU85: 0 | BV85: 0 | BW85: 0 | BX85: 0 | BY85: 0 | BZ85: 0 | CA85: 0 | CB85: 0 | CC85: 0 | CD85: 0
A86: Polychaeta | B86: Silidae gen.sp. | C86: 0 | D86: 0 | E86: 0 | F86: 0 | G86: 0 | H86: 0 | I86: 0 | J86: 0 | K86: 0 | L86: 0 | M86: 0 | N86: 0 | O86: 0 | P86: 0 | Q86: 0 | R86: 0 | S86: 0 | T86: 0 | U86: 0 | V86: 0 | W86: 0 | X86: 0 | Y86: 0 | Z86: 0 | AA86: 0 | AB86: 0 | AC86: 0 | AD86: 0 | AE86: 0 | AF86: 0 | AG86: 0 | AH86: 0 | AI86: 0 | AJ86: 0 | AK86: 0 | AL86: 0 | AM86: 0 | AN86: 0 | AO86: 0 | AP86: 0 | AQ86: 0.004 | AR86: 0 | AS86: 0 | AT86: 0 | AU86: 0 | AV86: 0 | AW86: 0 | AX86: 0 | AY86: 0 | AZ86: 0 | BA86: 0 | BB86: 0 | BC86: 0 | BD86: 0 | BE86: 0 | BF86: 0 | BG86: 0 | BH86: 0 | BI86: 0 | BJ86: 0 | BK86: 0 | BL86: 0 | BM86: 0 | BN86: 0 | BO86: 0 | BP86: 0 | BQ86: 0 | BR86: 0 | BS86: 0 | BT86: 0 | BU86: 0 | BV86: 0 | BW86: 0 | BX86: 0 | BY86: 0 | BZ86: 0 | CA86: 0 | CB86: 0 | CC86: 0 | CD86: 0
... A205: PRIRAZLOMNOYE | B205: Cucumaria glacialis | C205: 0 | D205: 0 | E205: 0 | F205: 0 | G205: 0 | H205: 0 | I205: 0 | J205: 0 | K205: 0 | L205: 0 | M205: 0 | N205: 0 | O205: 0 | P205: 0 | Q205: 0 | R205: 0 | S205: 0 | T205: 0 | U205: 0 | V205: 0 | W205: 0 | X205: 0 | Y205: 0 | Z205: 0 | AA205: 0 | AB205: 0 | AC205: 0 | AD205: 0 | AE205: 0 | AF205: 0 | AG205: 0 | AH205: 0 | AI205: 0 | AJ205: 0 | AK205: 0 | AL205: 0 | AM205: 0 | AN205: 0 | AO205: 0 | AP205: 0 | AQ205: 0 | AR205: 0 | AS205: 0 | AT205: 0 | AU205: 0 | AV205: 0 | AW205: 0 | AX205: 0 | AY205: 0 | AZ205: 0 | BA205: 0 | BB205: 0 | BC205: 0 | BD205: 0 | BE205: 0 | BF205: 0 | BG205: 0 | BH205: 0 | BI205: 0 | BJ205: 0 | BK205: 0 | BL205: 0 | BM205: 0 | BN205: 0 | BO205: 0 | BP205: 0 | BQ205: 0 | BR205: 0 | BS205: 0 | BT205: 0 | BU205: 0 | BV205: 0 | BW205: 0 | BX205: 0 | BY205: 0.87599124 | BZ205: 0 | CA205: 3.1399686 | CB205: 1.737316 | CC205: 0.0184 | CD205: 0

Sheet work
C1: 1 | D1: 2 | E1: 3 | F1: 8 | G1: 9 | H1: 10 | I1: 11 | J1: 12 | K1: 13 | L1: 14 | M1: 15 | N1: 16 | O1: 17 | P1: 18 | Q1: 19 | R1: 20 | S1: 21 | T1: 22 | U1: 23 | V1: 24 | W1: 25 | X1: 26 | Y1: 28 | Z1: 30 | AA1: 31 | AB1: 32 | AC1: 33 | AD1: 111 | AE1: 112 | AF1: 201 | AG1: 202 | AH1: 203 | AI1: 4957 | AJ1: 4956 | AK1: 4955 | AL1: 4954 | AM1: 4999 | AN1: 5000 | AO1: 5001 | AP1: 5002 | AQ1: 5003 | AR1: 4993 | AS1: 4994 | AT1: 4995 | AU1: 4996 | AV1: 2 | AW1: 4 | AX1: 5 | AY1: 6 | AZ1: 8 | BA1: 10 | BB1: 15 | BC1: 17 | BD1: 23 | BE1: 25 | BF1: 27 | BG1: 31 | BH1: 33 | BI1: 37 | BJ1: 39 | BK1: 40 | BL1: 41 | BM1: 43 | BN1: 44 | BO1: 45 | BP1: 47 | BQ1: 48 | BR1: 50 | BS1: 51 | BT1: 53 | BU1: 54 | BV1: 55 | BW1: 57 | BX1: 58 | BY1: 4972_pr | BZ1: 4989_pr | CA1: 5006_pr | CB1: 5007_pr | CC1: 5032_pr | CD1: 5033_pr
A2: Tealia felina | B2: 0.1 | C2: =N_st!C2^0.25*B_st!C2^0.75*$B2 -> 0 | D2: =N_st!D2^0.25*B_st!D2^0.75*$B2 -> 0 | E2: =N_st!E2^0.25*B_st!E2^0.75*$B2 -> 0 | F2: =N_st!F2^0.25*B_st!F2^0.75*$B2 -> 0 | G2: =N_st!G2^0.25*B_st!G2^0.75*$B2 -> 1.9302345 | H2: =N_st!H2^0.25*B_st!H2^0.75*$B2 -> 0.56395728 | I2: =N_st!I2^0.25*B_st!I2^0.75*$B2 -> 0 | J2: =N_st!J2^0.25*B_st!J2^0.75*$B2 -> 0 | ... CD2: =N_st!CD2^0.25*B_st!CD2^0.75*$B2 -> 0
A3: Edwardsia sp. | B3: 0.1 | C3: =N_st!C3^0.25*B_st!C3^0.75*$B3 -> 0 | D3: =N_st!D3^0.25*B_st!D3^0.75*$B3 -> 0 | E3: =N_st!E3^0.25*B_st!E3^0.75*$B3 -> 0 | F3: =N_st!F3^0.25*B_st!F3^0.75*$B3 -> 0.02333088 | G3: =N_st!G3^0.25*B_st!G3^0.75*$B3 -> 0 | H3: =N_st!H3^0.25*B_st!H3^0.75*$B3 -> 0 | I3: =N_st!I3^0.25*B_st!I3^0.75*$B3 -> 0 | J3: =N_st!J3^0.25*B_st!J3^0.75*$B3 -> 0 | ... CD3: =N_st!CD3^0.25*B_st!CD3^0.75*$B3 -> 0
A4: Paraedwardsia arenaria | B4: 0.1 | C4: =N_st!C4^0.25*B_st!C4^0.75*$B4 -> 0 | D4: =N_st!D4^0.25*B_st!D4^0.75*$B4 -> 0 | E4: =N_st!E4^0.25*B_st!E4^0.75*$B4 -> 0.044011626 | F4: =N_st!F4^0.25*B_st!F4^0.75*$B4 -> 0 | G4: =N_st!G4^0.25*B_st!G4^0.75*$B4 -> 0 | H4: =N_st!H4^0.25*B_st!H4^0.75*$B4 -> 0 | I4: =N_st!I4^0.25*B_st!I4^0.75*$B4 -> 0 | J4: =N_st!J4^0.25*B_st!J4^0.75*$B4 -> 0 | ... CD4: =N_st!CD4^0.25*B_st!CD4^0.75*$B4 -> 0.21098549
A5: Cerianthus lloydi | B5: 0.1 | C5: =N_st!C5^0.25*B_st!C5^0.75*$B5 -> 0.018388351 | D5: =N_st!D5^0.25*B_st!D5^0.75*$B5 -> 0 | E5: =N_st!E5^0.25*B_st!E5^0.75*$B5 -> 0 | F5: =N_st!F5^0.25*B_st!F5^0.75*$B5 -> 0 | G5: =N_st!G5^0.25*B_st!G5^0.75*$B5 -> 0 | H5: =N_st!H5^0.25*B_st!H5^0.75*$B5 -> 0 | I5: =N_st!I5^0.25*B_st!I5^0.75*$B5 -> 0 | J5: =N_st!J5^0.25*B_st!J5^0.75*$B5 -> 0 | ... CD5: =N_st!CD5^0.25*B_st!CD5^0.75*$B5 -> 0
A6: Alcionacea sp.A | B6: 0.1 | C6: =N_st!C6^0.25*B_st!C6^0.75*$B6 -> 0 | D6: =N_st!D6^0.25*B_st!D6^0.75*$B6 -> 0 | E6: =N_st!E6^0.25*B_st!E6^0.75*$B6 -> 0 | F6: =N_st!F6^0.25*B_st!F6^0.75*$B6 -> 0 | G6: =N_st!G6^0.25*B_st!G6^0.75*$B6 -> 0 | H6: =N_st!H6^0.25*B_st!H6^0.75*$B6 -> 0 | I6: =N_st!I6^0.25*B_st!I6^0.75*$B6 -> 0 | J6: =N_st!J6^0.25*B_st!J6^0.75*$B6 -> 0 | ... CD6: =N_st!CD6^0.25*B_st!CD6^0.75*$B6 -> 0
A7: Alcionacea sp.B | B7: 0.1 | C7: =N_st!C7^0.25*B_st!C7^0.75*$B7 -> 0 | D7: =N_st!D7^0.25*B_st!D7^0.75*$B7 -> 0 | E7: =N_st!E7^0.25*B_st!E7^0.75*$B7 -> 0 | F7: =N_st!F7^0.25*B_st!F7^0.75*$B7 -> 0 | G7: =N_st!G7^0.25*B_st!G7^0.75*$B7 -> 0 | H7: =N_st!H7^0.25*B_st!H7^0.75*$B7 -> 0 | I7: =N_st!I7^0.25*B_st!I7^0.75*$B7 -> 0 | J7: =N_st!J7^0.25*B_st!J7^0.75*$B7 -> 0 | ... CD7: =N_st!CD7^0.25*B_st!CD7^0.75*$B7 -> 0
A8: Actinia sp. | B8: 0.1 | C8: =N_st!C8^0.25*B_st!C8^0.75*$B8 -> 0 | D8: =N_st!D8^0.25*B_st!D8^0.75*$B8 -> 0 | E8: =N_st!E8^0.25*B_st!E8^0.75*$B8 -> 0 | F8: =N_st!F8^0.25*B_st!F8^0.75*$B8 -> 0 | G8: =N_st!G8^0.25*B_st!G8^0.75*$B8 -> 0 | H8: =N_st!H8^0.25*B_st!H8^0.75*$B8 -> 0 | I8: =N_st!I8^0.25*B_st!I8^0.75*$B8 -> 0 | J8: =N_st!J8^0.25*B_st!J8^0.75*$B8 -> 0 | ... CD8: =N_st!CD8^0.25*B_st!CD8^0.75*$B8 -> 0
A9: Nemertini gen.sp. | B9: 0.5 | C9: =N_st!C9^0.25*B_st!C9^0.75*$B9 -> 0.026508998 | D9: =N_st!D9^0.25*B_st!D9^0.75*$B9 -> 0.20006873 | E9: =N_st!E9^0.25*B_st!E9^0.75*$B9 -> 0.021364329 | F9: =N_st!F9^0.25*B_st!F9^0.75*$B9 -> 0.10478601 | G9: =N_st!G9^0.25*B_st!G9^0.75*$B9 -> 0.034887803 | H9: =N_st!H9^0.25*B_st!H9^0.75*$B9 -> 0 | I9: =N_st!I9^0.25*B_st!I9^0.75*$B9 -> 0 | J9: =N_st!J9^0.25*B_st!J9^0.75*$B9 -> 0 | ... CD9: =N_st!CD9^0.25*B_st!CD9^0.75*$B9 -> 0.0049786638
A10: Amage auricula | B10: 0.5 | C10: =N_st!C10^0.25*B_st!C10^0.75*$B10 -> 0 | D10: =N_st!D10^0.25*B_st!D10^0.75*$B10 -> 0 | E10: =N_st!E10^0.25*B_st!E10^0.75*$B10 -> 0 | F10: =N_st!F10^0.25*B_st!F10^0.75*$B10 -> 0 | G10: =N_st!G10^0.25*B_st!G10^0.75*$B10 -> 0 | H10: =N_st!H10^0.25*B_st!H10^0.75*$B10 -> 0 | I10: =N_st!I10^0.25*B_st!I10^0.75*$B10 -> 0 | J10: =N_st!J10^0.25*B_st!J10^0.75*$B10 -> 0 | ... CD10: =N_st!CD10^0.25*B_st!CD10^0.75*$B10 -> 0
A11: Ampharete acutifrons | B11: 0.5 | C11: =N_st!C11^0.25*B_st!C11^0.75*$B11 -> 0.084952127 | D11: =N_st!D11^0.25*B_st!D11^0.75*$B11 -> 0 | E11: =N_st!E11^0.25*B_st!E11^0.75*$B11 -> 0 | F11: =N_st!F11^0.25*B_st!F11^0.75*$B11 -> 0.026508998 | G11: =N_st!G11^0.25*B_st!G11^0.75*$B11 -> 0 | H11: =N_st!H11^0.25*B_st!H11^0.75*$B11 -> 0.089165285 | I11: =N_st!I11^0.25*B_st!I11^0.75*$B11 -> 0.40332581 | J11: =N_st!J11^0.25*B_st!J11^0.75*$B11 -> 0.057914551 | ... CD11: =N_st!CD11^0.25*B_st!CD11^0.75*$B11 -> 0
A12: Ampharete borealis | B12: 0.5 | C12: =N_st!C12^0.25*B_st!C12^0.75*$B12 -> 0 | D12: =N_st!D12^0.25*B_st!D12^0.75*$B12 -> 0 | E12: =N_st!E12^0.25*B_st!E12^0.75*$B12 -> 0 | F12: =N_st!F12^0.25*B_st!F12^0.75*$B12 -> 0 | G12: =N_st!G12^0.25*B_st!G12^0.75*$B12 -> 0.0055728303 | H12: =N_st!H12^0.25*B_st!H12^0.75*$B12 -> 0 | I12: =N_st!I12^0.25*B_st!I12^0.75*$B12 -> 0 | J12: =N_st!J12^0.25*B_st!J12^0.75*$B12 -> 0 | ... CD12: =N_st!CD12^0.25*B_st!CD12^0.75*$B12 -> 0
A13: Ampharete finmarchica | B13: 0.5 | C13: =N_st!C13^0.25*B_st!C13^0.75*$B13 -> 0 | D13: =N_st!D13^0.25*B_st!D13^0.75*$B13 -> 0 | E13: =N_st!E13^0.25*B_st!E13^0.75*$B13 -> 0 | F13: =N_st!F13^0.25*B_st!F13^0.75*$B13 -> 0 | G13: =N_st!G13^0.25*B_st!G13^0.75*$B13 -> 0 | H13: =N_st!H13^0.25*B_st!H13^0.75*$B13 -> 0.015762344 | I13: =N_st!I13^0.25*B_st!I13^0.75*$B13 -> 0 | J13: =N_st!J13^0.25*B_st!J13^0.75*$B13 -> 0 | ... CD13: =N_st!CD13^0.25*B_st!CD13^0.75*$B13 -> 0
... A205: Cucumaria glacialis | B205: 0.15 | C205: =N_st!C205^0.25*B_st!C205^0.75*$B205 -> 0 | D205: =N_st!D205^0.25*B_st!D205^0.75*$B205 -> 0 | E205: =N_st!E205^0.25*B_st!E205^0.75*$B205 -> 0 | F205: =N_st!F205^0.25*B_st!F205^0.75*$B205 -> 0 | G205: =N_st!G205^0.25*B_st!G205^0.75*$B205 -> 0 | H205: =N_st!H205^0.25*B_st!H205^0.75*$B205 -> 0 | I205: =N_st!I205^0.25*B_st!I205^0.75*$B205 -> 0 | J205: =N_st!J205^0.25*B_st!J205^0.75*$B205 -> 0 | ... CD205: =N_st!CD205^0.25*B_st!CD205^0.75*$B205 -> 0
C206: =SUM(C2:C205) -> 60.021972 | D206: =SUM(D2:D205) -> 12.391867 | E206: =SUM(E2:E205) -> 113.36371 | F206: =SUM(F2:F205) -> 132.34267 | G206: =SUM(G2:G205) -> 38.408692 | H206: =SUM(H2:H205) -> 22.93139 | I206: =SUM(I2:I205) -> 22.220119 | J206: =SUM(J2:J205) -> 31.265477 | ... CD206: =SUM(CD2:CD205) -> 26.890043

Sheet R
B1: 1 | C1: 2 | D1: 3 | E1: 8 | F1: 9 | G1: 10 | H1: 11 | I1: 12 | J1: 13 | K1: 14 | L1: 15 | M1: 16 | N1: 17 | O1: 18 | P1: 19 | Q1: 20 | R1: 21 | S1: 22 | T1: 23 | U1: 24 | V1: 25 | W1: 26 | X1: 28 | Y1: 30 | Z1: 31 | AA1: 32 | AB1: 33 | AC1: 111 | AD1: 112 | AE1: 201 | AF1: 202 | AG1: 203 | AH1: 4957 | AI1: 4956 | AJ1: 4955 | AK1: 4954 | AL1: 4999 | AM1: 5000 | AN1: 5001 | AO1: 5002 | AP1: 5003 | AQ1: 4993 | AR1: 4994 | AS1: 4995 | AT1: 4996 | AU1: 2 | AV1: 4 | AW1: 5 | AX1: 6 | AY1: 8 | AZ1: 10 | BA1: 15 | BB1: 17 | BC1: 23 | BD1: 25 | BE1: 27 | BF1: 31 | BG1: 33 | BH1: 37 | BI1: 39 | BJ1: 40 | BK1: 41 | BL1: 43 | BM1: 44 | BN1: 45 | BO1: 47 | BP1: 48 | BQ1: 50 | BR1: 51 | BS1: 53 | BT1: 54 | BU1: 55 | BV1: 57 | BW1: 58 | BX1: 4972_pr | BY1: 4989_pr | BZ1: 5006_pr | CA1: 5007_pr | CB1: 5032_pr | CC1: 5033_pr
A2: Tealia felina | B2: 0 | C2: 0 | D2: 0 | E2: 0 | F2: 0.050255148 | G2: 0.024593244 | H2: 0 | I2: 0 | J2: 0 | K2: 0 | L2: 0 | M2: 0 | N2: 0 | O2: 0 | P2: 0.018849916 | Q2: 0 | R2: 0 | S2: 0 | T2: 0 | U2: 0 | V2: 0 | W2: 0 | X2: 0 | Y2: 0 | Z2: 0.0051161044 | AA2: 0 | AB2: 0 | AC2: 0 | AD2: 0 | AE2: 0 | AF2: 0 | AG2: 0 | AH2: 0 | AI2: 0 | AJ2: 0 | AK2: 0 | AL2: 0.012608199 | AM2: 0.0055590755 | AN2: 0 | AO2: 0.12562511 | AP2: 0 | AQ2: 0 | AR2: 0 | AS2: 0 | AT2: 0 | AU2: 0 | AV2: 0 | AW2: 0 | AX2: 0 | AY2: 0 | AZ2: 0 | BA2: 0 | BB2: 0 | BC2: 0 | BD2: 0 | BE2: 0 | BF2: 0 | BG2: 0 | BH2: 0 | BI2: 0 | BJ2: 0 | BK2: 0 | BL2: 0 | BM2: 0 | BN2: 0 | BO2: 0 | BP2: 0 | BQ2: 0 | BR2: 0 | BS2: 0 | BT2: 0 | BU2: 0 | BV2: 0 | BW2: 0 | BX2: 0.0014557554 | BY2: 0.00054596216 | BZ2: 0 | CA2: 0 | CB2: 0 | CC2: 0
A3: Edwardsia sp. | B3: 0 | C3: 0 | D3: 0 | E3: 0.00017629144 | F3: 0 | G3: 0 | H3: 0 | I3: 0 | J3: 0 | K3: 0.00094367611 | L3: 0 | M3: 0 | N3: 0 | O3: 0 | P3: 0 | Q3: 0 | R3: 0.00036757266 | S3: 0.00024134039 | T3: 0 | U3: 0 | V3: 0 | W3: 0.00074028958 | X3: 0 | Y3: 0 | Z3: 0.0016184023 | AA3: 0 | AB3: 0.0009650372 | AC3: 0 | AD3: 0 | AE3: 0 | AF3: 0 | AG3: 0 | AH3: 0 | AI3: 0 | AJ3: 0 | AK3: 0 | AL3: 0 | AM3: 0 | AN3: 0 | AO3: 0 | AP3: 0 | AQ3: 0 | AR3: 0 | AS3: 0 | AT3: 0 | AU3: 0 | AV3: 0 | AW3: 0 | AX3: 0 | AY3: 0 | AZ3: 0 | BA3: 0 | BB3: 0 | BC3: 0 | BD3: 0 | BE3: 0 | BF3: 0 | BG3: 0 | BH3: 0 | BI3: 0 | BJ3: 0 | BK3: 0 | BL3: 0 | BM3: 0 | BN3: 0 | BO3: 0 | BP3: 0 | BQ3: 0 | BR3: 0 | BS3: 0 | BT3: 0 | BU3: 0.00013849908 | BV3: 0 | BW3: 0 | BX3: 0 | BY3: 0 | BZ3: 0 | CA3: 0 | CB3: 0 | CC3: 0
A4: Paraedwardsia arenaria | B4: 0 | C4: 0 | D4: 0.00038823382 | E4: 0 | F4: 0 | G4: 0 | H4: 0 | I4: 0 | J4: 0 | K4: 0 | L4: 0 | M4: 0 | N4: 0 | O4: 0 | P4: 0 | Q4: 0.01711897 | R4: 0.0014702906 | S4: 0.0033763572 | T4: 0 | U4: 0 | V4: 0 | W4: 0.0050984028 | X4: 0.0010858775 | Y4: 0.0055111683 | Z4: 0.0023679133 | AA4: 0.002143126 | AB4: 0.06551504 | AC4: 0 | AD4: 0.0048175036 | AE4: 0 | AF4: 0.037992612 | AG4: 0.0064587143 | AH4: 0 | AI4: 0 | AJ4: 0 | AK4: 0 | AL4: 0 | AM4: 0 | AN4: 0 | AO4: 0.00024576458 | AP4: 0 | AQ4: 0 | AR4: 0 | AS4: 0 | AT4: 0 | AU4: 0 | AV4: 0 | AW4: 0 | AX4: 0 | AY4: 0 | AZ4: 0 | BA4: 0 | BB4: 0 | BC4: 0 | BD4: 0 | BE4: 0 | BF4: 0 | BG4: 0 | BH4: 0 | BI4: 0 | BJ4: 0 | BK4: 0 | BL4: 0 | BM4: 0 | BN4: 0 | BO4: 0 | BP4: 0 | BQ4: 0 | BR4: 0 | BS4: 0 | BT4: 0 | BU4: 0 | BV4: 0 | BW4: 0 | BX4: 0.0018386851 | BY4: 0.0019138347 | BZ4: 0 | CA4: 0 | CB4: 0.0080847593 | CC4: 0.007846231
A5: Cerianthus lloydi | B5: 0.00030636033 | C5: 0 | D5: 0 | E5: 0 | F5: 0 | G5: 0 | H5: 0 | I5: 0 | J5: 0 | K5: 0 | L5: 0 | M5: 0 | N5: 0 | O5: 0 | P5: 0 | Q5: 0 | R5: 0 | S5: 0 | T5: 0 | U5: 0 | V5: 0 | W5: 0 | X5: 0 | Y5: 0 | Z5: 0 | AA5: 0 | AB5: 0 | AC5: 0 | AD5: 0 | AE5: 0 | AF5: 0 | AG5: 0 | AH5: 0 | AI5: 0 | AJ5: 0 | AK5: 0 | AL5: 0 | AM5: 0 | AN5: 0 | AO5: 0 | AP5: 0 | AQ5: 0 | AR5: 0 | AS5: 0 | AT5: 0 | AU5: 0 | AV5: 0 | AW5: 0 | AX5: 0 | AY5: 0 | AZ5: 0 | BA5: 0 | BB5: 0 | BC5: 0 | BD5: 0 | BE5: 0 | BF5: 0 | BG5: 0 | BH5: 0 | BI5: 0 | BJ5: 0 | BK5: 0 | BL5: 0 | BM5: 0 | BN5: 0 | BO5: 0 | BP5: 0 | BQ5: 0 | BR5: 0 | BS5: 0 | BT5: 0 | BU5: 0 | BV5: 0 | BW5: 0 | BX5: 0 | BY5: 0 | BZ5: 0 | CA5: 0 | CB5: 0 | CC5: 0
A6: Alcionacea sp.A | B6: 0 | C6: 0 | D6: 0 | E6: 0 | F6: 0 | G6: 0 | H6: 0 | I6: 0 | J6: 0 | K6: 0 | L6: 0 | M6: 0 | N6: 0 | O6: 0 | P6: 0 | Q6: 0 | R6: 0 | S6: 0 | T6: 0 | U6: 0 | V6: 0 | W6: 0 | X6: 0 | Y6: 0 | Z6: 0 | AA6: 0 | AB6: 0 | AC6: 0 | AD6: 0 | AE6: 0 | AF6: 0 | AG6: 0 | AH6: 0.0037470065 | AI6: 0 | AJ6: 0 | AK6: 0 | AL6: 0 | AM6: 0 | AN6: 0 | AO6: 0 | AP6: 0 | AQ6: 0 | AR6: 0 | AS6: 0 | AT6: 0 | AU6: 0 | AV6: 0 | AW6: 0 | AX6: 0 | AY6: 0 | AZ6: 0 | BA6: 0 | BB6: 0 | BC6: 0 | BD6: 0 | BE6: 0 | BF6: 0 | BG6: 0 | BH6: 0 | BI6: 0 | BJ6: 0 | BK6: 0 | BL6: 0 | BM6: 0 | BN6: 0 | BO6: 0 | BP6: 0 | BQ6: 0 | BR6: 0 | BS6: 0 | BT6: 0 | BU6: 0 | BV6: 0 | BW6: 0 | BX6: 0 | BY6: 0 | BZ6: 0 | CA6: 0 | CB6: 0 | CC6: 0
A7: Alcionacea sp.B | B7: 0 | C7: 0 | D7: 0 | E7: 0 | F7: 0 | G7: 0 | H7: 0 | I7: 0 | J7: 0 | K7: 0 | L7: 0 | M7: 0 | N7: 0 | O7: 0 | P7: 0 | Q7: 0 | R7: 0 | S7: 0 | T7: 0 | U7: 0 | V7: 0 | W7: 0 | X7: 0 | Y7: 0 | Z7: 0 | AA7: 0 | AB7: 0 | AC7: 0 | AD7: 0 | AE7: 0 | AF7: 0 | AG7: 0 | AH7: 0 | AI7: 0 | AJ7: 0 | AK7: 0 | AL7: 0 | AM7: 0 | AN7: 0 | AO7: 0 | AP7: 0.00089798666 | AQ7: 0 | AR7: 0 | AS7: 0 | AT7: 0 | AU7: 0 | AV7: 0 | AW7: 0 | AX7: 0 | AY7: 0 | AZ7: 0 | BA7: 0 | BB7: 0 | BC7: 0 | BD7: 0 | BE7: 0 | BF7: 0 | BG7: 0 | BH7: 0 | BI7: 0 | BJ7: 0 | BK7: 0 | BL7: 0 | BM7: 0 | BN7: 0 | BO7: 0 | BP7: 0 | BQ7: 0 | BR7: 0 | BS7: 0 | BT7: 0 | BU7: 0 | BV7: 0 | BW7: 0 | BX7: 0 | BY7: 0 | BZ7: 0 | CA7: 0 | CB7: 0 | CC7: 0
A8: Actinia sp. | B8: 0 | C8: 0 | D8: 0 | E8: 0 | F8: 0 | G8: 0 | H8: 0 | I8: 0 | J8: 0 | K8: 0 | L8: 0 | M8: 0 | N8: 0 | O8: 0 | P8: 0 | Q8: 0 | R8: 0 | S8: 0 | T8: 0 | U8: 0 | V8: 0 | W8: 0 | X8: 0 | Y8: 0 | Z8: 0 | AA8: 0 | AB8: 0 | AC8: 0 | AD8: 0 | AE8: 0 | AF8: 0 | AG8: 0 | AH8: 0 | AI8: 0.00010534388 | AJ8: 0.00013111736 | AK8: 0.0036025344 | AL8: 0 | AM8: 0 | AN8: 0 | AO8: 0.001136754 | AP8: 6.9092648e-05 | AQ8: 0 | AR8: 0 | AS8: 0 | AT8: 0 | AU8: 0 | AV8: 0 | AW8: 0 | AX8: 0 | AY8: 0 | AZ8: 0 | BA8: 0 | BB8: 0 | BC8: 0 | BD8: 0 | BE8: 0 | BF8: 0 | BG8: 0 | BH8: 0 | BI8: 0 | BJ8: 0 | BK8: 0 | BL8: 0 | BM8: 0 | BN8: 0 | BO8: 0 | BP8: 0 | BQ8: 0 | BR8: 0 | BS8: 0 | BT8: 0 | BU8: 0 | BV8: 0 | BW8: 0 | BX8: 0 | BY8: 0 | BZ8: 0 | CA8: 0 | CB8: 0 | CC8: 0
A9: Nemertini gen.sp. | B9: 0.0004416549 | C9: 0.016145164 | D9: 0.00018845827 | E9: 0.00079177798 | F9: 0.00090833093 | G9: 0 | H9: 0 | I9: 0 | J9: 0 | K9: 0.0019013362 | L9: 0 | M9: 0.0016449325 | N9: 0.002298858 | O9: 0 | P9: 0.0028986859 | Q9: 0.079666493 | R9: 0 | S9: 0.010426856 | T9: 0 | U9: 0 | V9: 0.0036350718 | W9: 0.015448211 | X9: 0.0049060053 | Y9: 0 | Z9: 0.0013782183 | AA9: 0.0059425211 | AB9: 0.0053399461 | AC9: 0 | AD9: 0 | AE9: 0.016909897 | AF9: 0 | AG9: 0.027747991 | AH9: 0.0021136642 | AI9: 0.0082191856 | AJ9: 0.0088544119 | AK9: 0.015081674 | AL9: 0 | AM9: 0.00020821239 | AN9: 0.0005684201 | AO9: 0.0558413 | AP9: 0.009198861 | AQ9: 0.0031870026 | AR9: 0 | AS9: 0 | AT9: 0.0012518062 | AU9: 0 | AV9: 0 | AW9: 0 | AX9: 0 | AY9: 0 | AZ9: 0 | BA9: 0 | BB9: 0 | BC9: 0 | BD9: 0 | BE9: 0 | BF9: 0 | BG9: 0 | BH9: 0 | BI9: 0.022814453 | BJ9: 0.0023279203 | BK9: 0 | BL9: 0 | BM9: 0 | BN9: 0.0044070373 | BO9: 0 | BP9: 0 | BQ9: 0.00058015269 | BR9: 0 | BS9: 0 | BT9: 0.0010100402 | BU9: 0.0061772571 | BV9: 0.00039945956 | BW9: 0 | BX9: 0 | BY9: 0 | BZ9: 0.0014357498 | CA9: 0.0011682828 | CB9: 0.0024328353 | CC9: 0.00018514897
A10: Amage auricula | B10: 0 | C10: 0 | D10: 0 | E10: 0 | F10: 0 | G10: 0 | H10: 0 | I10: 0 | J10: 0 | K10: 0 | L10: 0 | M10: 0 | N10: 0 | O10: 0 | P10: 0 | Q10: 0 | R10: 0 | S10: 0 | T10: 0 | U10: 0 | V10: 0 | W10: 0 | X10: 0 | Y10: 0 | Z10: 0 | AA10: 0 | AB10: 0 | AC10: 0 | AD10: 0 | AE10: 0 | AF10: 0 | AG10: 0 | AH10: 0.0066622783 | AI10: 0 | AJ10: 0 | AK10: 0 | AL10: 0 | AM10: 0 | AN10: 0 | AO10: 0 | AP10: 0.0031202461 | AQ10: 0 | AR10: 0 | AS10: 0 | AT10: 0 | AU10: 0 | AV10: 0 | AW10: 0 | AX10: 0 | AY10: 0 | AZ10: 0 | BA10: 0 | BB10: 0 | BC10: 0 | BD10: 0 | BE10: 0 | BF10: 0 | BG10: 0 | BH10: 0 | BI10: 0 | BJ10: 0 | BK10: 0 | BL10: 0 | BM10: 0 | BN10: 0 | BO10: 0 | BP10: 0 | BQ10: 0 | BR10: 0 | BS10: 0 | BT10: 0 | BU10: 0 | BV10: 0 | BW10: 0 | BX10: 0 | BY10: 0 | BZ10: 0 | CA10: 0 | CB10: 0 | CC10: 0
A11: Ampharete acutifrons | B11: 0.0014153505 | C11: 0 | D11: 0 | E11: 0.00020030575 | F11: 0 | G11: 0.0038883506 | H11: 0.018151379 | I11: 0.0018523482 | J11: 0.068154671 | K11: 0 | L11: 0.015667 | M11: 0.004852467 | N11: 0.0028524379 | O11: 0 | P11: 0 | Q11: 0 | R11: 0.0012995656 | S11: 0.00085095657 | T11: 0 | U11: 0.0041282828 | V11: 0.00012497172 | W11: 0 | X11: 0.0035922417 | Y11: 0 | Z11: 0.00060461242 | AA11: 0 | AB11: 0.00044585266 | AC11: 0 | AD11: 0 | AE11: 0 | AF11: 0.004903111 | AG11: 0 | AH11: 0.0056431551 | AI11: 0.0019828929 | AJ11: 0.0054431376 | AK11: 0.0051036652 | AL11: 0.012173418 | AM11: 0.0044259509 | AN11: 0.00010048343 | AO11: 0.00066022806 | AP11: 0 | AQ11: 0 | AR11: 0 | AS11: 0 | AT11: 0.0092644027 | AU11: 0 | AV11: 0 | AW11: 0 | AX11: 0 | AY11: 0 | AZ11: 0 | BA11: 0 | BB11: 0 | BC11: 0 | BD11: 0 | BE11: 0 | BF11: 0 | BG11: 0 | BH11: 0 | BI11: 0 | BJ11: 0 | BK11: 0 | BL11: 0 | BM11: 0 | BN11: 0 | BO11: 0 | BP11: 0 | BQ11: 0 | BR11: 0 | BS11: 0 | BT11: 0 | BU11: 0 | BV11: 0 | BW11: 0 | BX11: 0 | BY11: 0 | BZ11: 0 | CA11: 0 | CB11: 0 | CC11: 0
A12: Ampharete borealis | B12: 0 | C12: 0 | D12: 0 | E12: 0 | F12: 0.00014509295 | G12: 0 | H12: 0 | I12: 0 | J12: 0 | K12: 0 | L12: 0 | M12: 0 | N12: 0 | O12: 0.0042446308 | P12: 0.0085380162 | Q12: 0 | R12: 0 | S12: 0 | T12: 0 | U12: 0 | V12: 0 | W12: 0 | X12: 0 | Y12: 0 | Z12: 0 | AA12: 0 | AB12: 0.00044585266 | AC12: 0 | AD12: 0 | AE12: 0 | AF12: 0 | AG12: 0.0036866977 | AH12: 0 | AI12: 0 | AJ12: 0 | AK12: 0.00024381301 | AL12: 0 | AM12: 0 | AN12: 0.00087810979 | AO12: 0.0091309358 | AP12: 0.00017273162 | AQ12: 0 | AR12: 0 | AS12: 0 | AT12: 0 | AU12: 0 | AV12: 0 | AW12: 0 | AX12: 0 | AY12: 0 | AZ12: 0 | BA12: 0 | BB12: 0 | BC12: 0 | BD12: 0 | BE12: 0 | BF12: 0 | BG12: 0 | BH12: 0 | BI12: 0 | BJ12: 0 | BK12: 0 | BL12: 0 | BM12: 0 | BN12: 0 | BO12: 0 | BP12: 0 | BQ12: 0 | BR12: 0 | BS12: 0 | BT12: 0 | BU12: 0 | BV12: 0 | BW12: 0 | BX12: 0 | BY12: 0 | BZ12: 0 | CA12: 0 | CB12: 0 | CC12: 0
A13: Ampharete finmarchica | B13: 0 | C13: 0 | D13: 0 | E13: 0 | F13: 0 | G13: 0.00068736977 | H13: 0 | I13: 0 | J13: 0 | K13: 0 | L13: 0 | M13: 0 | N13: 0 | O13: 0 | P13: 0 | Q13: 0 | R13: 0 | S13: 0 | T13: 0 | U13: 0 | V13: 0 | W13: 0 | X13: 0 | Y13: 0.00016224777 | Z13: 0 | AA13: 0 | AB13: 0 | AC13: 0 | AD13: 0 | AE13: 0 | AF13: 0 | AG13: 0 | AH13: 0 | AI13: 0 | AJ13: 0 | AK13: 0 | AL13: 0 | AM13: 0 | AN13: 0 | AO13: 0 | AP13: 0.0010433172 | AQ13: 0 | AR13: 0 | AS13: 0 | AT13: 0 | AU13: 0 | AV13: 0 | AW13: 0 | AX13: 0 | AY13: 0 | AZ13: 0 | BA13: 0 | BB13: 0 | BC13: 0 | BD13: 0 | BE13: 0 | BF13: 0 | BG13: 0 | BH13: 0 | BI13: 0 | BJ13: 0 | BK13: 0 | BL13: 0 | BM13: 0 | BN13: 0 | BO13: 0 | BP13: 0 | BQ13: 0 | BR13: 0 | BS13: 0 | BT13: 0 | BU13: 0 | BV13: 0 | BW13: 0 | BX13: 7.9402302e-05 | BY13: 0.0068524237 | BZ13: 0.00023018882 | CA13: 0.00028271646 | CB13: 0 | CC13: 0
... A205: Cucumaria glacialis | B205: 0 | C205: 0 | D205: 0 | E205: 0 | F205: 0 | G205: 0 | H205: 0 | I205: 0 | J205: 0 | K205: 0 | L205: 0 | M205: 0 | N205: 0 | O205: 0 | P205: 0 | Q205: 0 | R205: 0 | S205: 0 | T205: 0 | U205: 0 | V205: 0 | W205: 0 | X205: 0 | Y205: 0 | Z205: 0 | AA205: 0 | AB205: 0 | AC205: 0 | AD205: 0 | AE205: 0 | AF205: 0 | AG205: 0 | AH205: 0 | AI205: 0 | AJ205: 0 | AK205: 0 | AL205: 0 | AM205: 0 | AN205: 0 | AO205: 0 | AP205: 0 | AQ205: 0 | AR205: 0 | AS205: 0 | AT205: 0 | AU205: 0 | AV205: 0 | AW205: 0 | AX205: 0 | AY205: 0 | AZ205: 0 | BA205: 0 | BB205: 0 | BC205: 0 | BD205: 0 | BE205: 0 | BF205: 0 | BG205: 0 | BH205: 0 | BI205: 0 | BJ205: 0 | BK205: 0 | BL205: 0 | BM205: 0 | BN205: 0 | BO205: 0 | BP205: 0 | BQ205: 0 | BR205: 0 | BS205: 0 | BT205: 0 | BU205: 0 | BV205: 0 | BW205: 0 | BX205: 0.0090686979 | BY205: 0 | BZ205: 0.011658423 | CA205: 0.0080693717 | CB205: 0.00041184569 | CC205: 0

Sheet west
B1: 1 | C1: 2 | D1: 3 | E1: 8 | F1: 9 | G1: 10 | H1: 11 | I1: 12 | J1: 13 | K1: 14 | L1: 15 | M1: 16 | N1: 17 | O1: 18 | P1: 19 | Q1: 20 | R1: 21 | S1: 22 | T1: 23 | U1: 24 | V1: 25 | W1: 26 | X1: 28 | Y1: 30 | Z1: 31 | AA1: 32 | AB1: 33 | AC1: 111 | AD1: 112 | AE1: 201 | AF1: 202 | AG1: 203 | AH1: 4957 | AI1: 4956 | AJ1: 4955 | AK1: 4954 | AL1: 4972_pr | AM1: 4989_pr | AN1: 5006_pr | AO1: 5007_pr | AP1: 5032_pr | AQ1: 5033_pr
A2: Tealia felina | B2: 0 | C2: 0 | D2: 0 | E2: 0 | F2: 0.050255148 | G2: 0.024593244 | H2: 0 | I2: 0 | J2: 0 | K2: 0 | L2: 0 | M2: 0 | N2: 0 | O2: 0 | P2: 0.018849916 | Q2: 0 | R2: 0 | S2: 0 | T2: 0 | U2: 0 | V2: 0 | W2: 0 | X2: 0 | Y2: 0 | Z2: 0.0051161044 | AA2: 0 | AB2: 0 | AC2: 0 | AD2: 0 | AE2: 0 | AF2: 0 | AG2: 0 | AH2: 0 | AI2: 0 | AJ2: 0 | AK2: 0 | AL2: 0.0014557554 | AM2: 0.00054596216 | AN2: 0 | AO2: 0 | AP2: 0 | AQ2: 0
A3: Edwardsia sp. | B3: 0 | C3: 0 | D3: 0 | E3: 0.00017629144 | F3: 0 | G3: 0 | H3: 0 | I3: 0 | J3: 0 | K3: 0.00094367611 | L3: 0 | M3: 0 | N3: 0 | O3: 0 | P3: 0 | Q3: 0 | R3: 0.00036757266 | S3: 0.00024134039 | T3: 0 | U3: 0 | V3: 0 | W3: 0.00074028958 | X3: 0 | Y3: 0 | Z3: 0.0016184023 | AA3: 0 | AB3: 0.0009650372 | AC3: 0 | AD3: 0 | AE3: 0 | AF3: 0 | AG3: 0 | AH3: 0 | AI3: 0 | AJ3: 0 | AK3: 0 | AL3: 0 | AM3: 0 | AN3: 0 | AO3: 0 | AP3: 0 | AQ3: 0
A4: Paraedwardsia arenaria | B4: 0 | C4: 0 | D4: 0.00038823382 | E4: 0 | F4: 0 | G4: 0 | H4: 0 | I4: 0 | J4: 0 | K4: 0 | L4: 0 | M4: 0 | N4: 0 | O4: 0 | P4: 0 | Q4: 0.01711897 | R4: 0.0014702906 | S4: 0.0033763572 | T4: 0 | U4: 0 | V4: 0 | W4: 0.0050984028 | X4: 0.0010858775 | Y4: 0.0055111683 | Z4: 0.0023679133 | AA4: 0.002143126 | AB4: 0.06551504 | AC4: 0 | AD4: 0.0048175036 | AE4: 0 | AF4: 0.037992612 | AG4: 0.0064587143 | AH4: 0 | AI4: 0 | AJ4: 0 | AK4: 0 | AL4: 0.0018386851 | AM4: 0.0019138347 | AN4: 0 | AO4: 0 | AP4: 0.0080847593 | AQ4: 0.007846231
A5: Cerianthus lloydi | B5: 0.00030636033 | C5: 0 | D5: 0 | E5: 0 | F5: 0 | G5: 0 | H5: 0 | I5: 0 | J5: 0 | K5: 0 | L5: 0 | M5: 0 | N5: 0 | O5: 0 | P5: 0 | Q5: 0 | R5: 0 | S5: 0 | T5: 0 | U5: 0 | V5: 0 | W5: 0 | X5: 0 | Y5: 0 | Z5: 0 | AA5: 0 | AB5: 0 | AC5: 0 | AD5: 0 | AE5: 0 | AF5: 0 | AG5: 0 | AH5: 0 | AI5: 0 | AJ5: 0 | AK5: 0 | AL5: 0 | AM5: 0 | AN5: 0 | AO5: 0 | AP5: 0 | AQ5: 0
A6: Alcionacea sp.A | B6: 0 | C6: 0 | D6: 0 | E6: 0 | F6: 0 | G6: 0 | H6: 0 | I6: 0 | J6: 0 | K6: 0 | L6: 0 | M6: 0 | N6: 0 | O6: 0 | P6: 0 | Q6: 0 | R6: 0 | S6: 0 | T6: 0 | U6: 0 | V6: 0 | W6: 0 | X6: 0 | Y6: 0 | Z6: 0 | AA6: 0 | AB6: 0 | AC6: 0 | AD6: 0 | AE6: 0 | AF6: 0 | AG6: 0 | AH6: 0.0037470065 | AI6: 0 | AJ6: 0 | AK6: 0 | AL6: 0 | AM6: 0 | AN6: 0 | AO6: 0 | AP6: 0 | AQ6: 0
A7: Alcionacea sp.B | B7: 0 | C7: 0 | D7: 0 | E7: 0 | F7: 0 | G7: 0 | H7: 0 | I7: 0 | J7: 0 | K7: 0 | L7: 0 | M7: 0 | N7: 0 | O7: 0 | P7: 0 | Q7: 0 | R7: 0 | S7: 0 | T7: 0 | U7: 0 | V7: 0 | W7: 0 | X7: 0 | Y7: 0 | Z7: 0 | AA7: 0 | AB7: 0 | AC7: 0 | AD7: 0 | AE7: 0 | AF7: 0 | AG7: 0 | AH7: 0 | AI7: 0 | AJ7: 0 | AK7: 0 | AL7: 0 | AM7: 0 | AN7: 0 | AO7: 0 | AP7: 0 | AQ7: 0
A8: Actinia sp. | B8: 0 | C8: 0 | D8: 0 | E8: 0 | F8: 0 | G8: 0 | H8: 0 | I8: 0 | J8: 0 | K8: 0 | L8: 0 | M8: 0 | N8: 0 | O8: 0 | P8: 0 | Q8: 0 | R8: 0 | S8: 0 | T8: 0 | U8: 0 | V8: 0 | W8: 0 | X8: 0 | Y8: 0 | Z8: 0 | AA8: 0 | AB8: 0 | AC8: 0 | AD8: 0 | AE8: 0 | AF8: 0 | AG8: 0 | AH8: 0 | AI8: 0.00010534388 | AJ8: 0.00013111736 | AK8: 0.0036025344 | AL8: 0 | AM8: 0 | AN8: 0 | AO8: 0 | AP8: 0 | AQ8: 0
A9: Nemertini gen.sp. | B9: 0.0004416549 | C9: 0.016145164 | D9: 0.00018845827 | E9: 0.00079177798 | F9: 0.00090833093 | G9: 0 | H9: 0 | I9: 0 | J9: 0 | K9: 0.0019013362 | L9: 0 | M9: 0.0016449325 | N9: 0.002298858 | O9: 0 | P9: 0.0028986859 | Q9: 0.079666493 | R9: 0 | S9: 0.010426856 | T9: 0 | U9: 0 | V9: 0.0036350718 | W9: 0.015448211 | X9: 0.0049060053 | Y9: 0 | Z9: 0.0013782183 | AA9: 0.0059425211 | AB9: 0.0053399461 | AC9: 0 | AD9: 0 | AE9: 0.016909897 | AF9: 0 | AG9: 0.027747991 | AH9: 0.0021136642 | AI9: 0.0082191856 | AJ9: 0.0088544119 | AK9: 0.015081674 | AL9: 0 | AM9: 0 | AN9: 0.0014357498 | AO9: 0.0011682828 | AP9: 0.0024328353 | AQ9: 0.00018514897
A10: Amage auricula | B10: 0 | C10: 0 | D10: 0 | E10: 0 | F10: 0 | G10: 0 | H10: 0 | I10: 0 | J10: 0 | K10: 0 | L10: 0 | M10: 0 | N10: 0 | O10: 0 | P10: 0 | Q10: 0 | R10: 0 | S10: 0 | T10: 0 | U10: 0 | V10: 0 | W10: 0 | X10: 0 | Y10: 0 | Z10: 0 | AA10: 0 | AB10: 0 | AC10: 0 | AD10: 0 | AE10: 0 | AF10: 0 | AG10: 0 | AH10: 0.0066622783 | AI10: 0 | AJ10: 0 | AK10: 0 | AL10: 0 | AM10: 0 | AN10: 0 | AO10: 0 | AP10: 0 | AQ10: 0
A11: Ampharete acutifrons | B11: 0.0014153505 | C11: 0 | D11: 0 | E11: 0.00020030575 | F11: 0 | G11: 0.0038883506 | H11: 0.018151379 | I11: 0.0018523482 | J11: 0.068154671 | K11: 0 | L11: 0.015667 | M11: 0.004852467 | N11: 0.0028524379 | O11: 0 | P11: 0 | Q11: 0 | R11: 0.0012995656 | S11: 0.00085095657 | T11: 0 | U11: 0.0041282828 | V11: 0.00012497172 | W11: 0 | X11: 0.0035922417 | Y11: 0 | Z11: 0.00060461242 | AA11: 0 | AB11: 0.00044585266 | AC11: 0 | AD11: 0 | AE11: 0 | AF11: 0.004903111 | AG11: 0 | AH11: 0.0056431551 | AI11: 0.0019828929 | AJ11: 0.0054431376 | AK11: 0.0051036652 | AL11: 0 | AM11: 0 | AN11: 0 | AO11: 0 | AP11: 0 | AQ11: 0
A12: Ampharete borealis | B12: 0 | C12: 0 | D12: 0 | E12: 0 | F12: 0.00014509295 | G12: 0 | H12: 0 | I12: 0 | J12: 0 | K12: 0 | L12: 0 | M12: 0 | N12: 0 | O12: 0.0042446308 | P12: 0.0085380162 | Q12: 0 | R12: 0 | S12: 0 | T12: 0 | U12: 0 | V12: 0 | W12: 0 | X12: 0 | Y12: 0 | Z12: 0 | AA12: 0 | AB12: 0.00044585266 | AC12: 0 | AD12: 0 | AE12: 0 | AF12: 0 | AG12: 0.0036866977 | AH12: 0 | AI12: 0 | AJ12: 0 | AK12: 0.00024381301 | AL12: 0 | AM12: 0 | AN12: 0 | AO12: 0 | AP12: 0 | AQ12: 0
A13: Ampharete finmarchica | B13: 0 | C13: 0 | D13: 0 | E13: 0 | F13: 0 | G13: 0.00068736977 | H13: 0 | I13: 0 | J13: 0 | K13: 0 | L13: 0 | M13: 0 | N13: 0 | O13: 0 | P13: 0 | Q13: 0 | R13: 0 | S13: 0 | T13: 0 | U13: 0 | V13: 0 | W13: 0 | X13: 0 | Y13: 0.00016224777 | Z13: 0 | AA13: 0 | AB13: 0 | AC13: 0 | AD13: 0 | AE13: 0 | AF13: 0 | AG13: 0 | AH13: 0 | AI13: 0 | AJ13: 0 | AK13: 0 | AL13: 7.9402302e-05 | AM13: 0.0068524237 | AN13: 0.00023018882 | AO13: 0.00028271646 | AP13: 0 | AQ13: 0
... A205: Cucumaria glacialis | B205: 0 | C205: 0 | D205: 0 | E205: 0 | F205: 0 | G205: 0 | H205: 0 | I205: 0 | J205: 0 | K205: 0 | L205: 0 | M205: 0 | N205: 0 | O205: 0 | P205: 0 | Q205: 0 | R205: 0 | S205: 0 | T205: 0 | U205: 0 | V205: 0 | W205: 0 | X205: 0 | Y205: 0 | Z205: 0 | AA205: 0 | AB205: 0 | AC205: 0 | AD205: 0 | AE205: 0 | AF205: 0 | AG205: 0 | AH205: 0 | AI205: 0 | AJ205: 0 | AK205: 0 | AL205: 0.0090686979 | AM205: 0 | AN205: 0.011658423 | AO205: 0.0080693717 | AP205: 0.00041184569 | AQ205: 0

Sheet R_east
B1: 4999 | C1: 5000 | D1: 5001 | E1: 5002 | F1: 5003 | G1: 4993 | H1: 4994 | I1: 4995 | J1: 4996 | K1: 2 | L1: 4 | M1: 5 | N1: 6 | O1: 8 | P1: 10 | Q1: 15 | R1: 17 | S1: 23 | T1: 25 | U1: 27 | V1: 31 | W1: 33 | X1: 37 | Y1: 39 | Z1: 40 | AA1: 41 | AB1: 43 | AC1: 44 | AD1: 45 | AE1: 47 | AF1: 48 | AG1: 50 | AH1: 51 | AI1: 53 | AJ1: 54 | AK1: 55 | AL1: 57 | AM1: 58
A2: Tealia felina | B2: 0.012608199 | C2: 0.0055590755 | D2: 0 | E2: 0.12562511 | F2: 0 | G2: 0 | H2: 0 | I2: 0 | J2: 0 | K2: 0 | L2: 0 | M2: 0 | N2: 0 | O2: 0 | P2: 0 | Q2: 0 | R2: 0 | S2: 0 | T2: 0 | U2: 0 | V2: 0 | W2: 0 | X2: 0 | Y2: 0 | Z2: 0 | AA2: 0 | AB2: 0 | AC2: 0 | AD2: 0 | AE2: 0 | AF2: 0 | AG2: 0 | AH2: 0 | AI2: 0 | AJ2: 0 | AK2: 0 | AL2: 0 | AM2: 0
A3: Edwardsia sp. | B3: 0 | C3: 0 | D3: 0 | E3: 0 | F3: 0 | G3: 0 | H3: 0 | I3: 0 | J3: 0 | K3: 0 | L3: 0 | M3: 0 | N3: 0 | O3: 0 | P3: 0 | Q3: 0 | R3: 0 | S3: 0 | T3: 0 | U3: 0 | V3: 0 | W3: 0 | X3: 0 | Y3: 0 | Z3: 0 | AA3: 0 | AB3: 0 | AC3: 0 | AD3: 0 | AE3: 0 | AF3: 0 | AG3: 0 | AH3: 0 | AI3: 0 | AJ3: 0 | AK3: 0.00013849908 | AL3: 0 | AM3: 0
A4: Paraedwardsia arenaria | B4: 0 | C4: 0 | D4: 0 | E4: 0.00024576458 | F4: 0 | G4: 0 | H4: 0 | I4: 0 | J4: 0 | K4: 0 | L4: 0 | M4: 0 | N4: 0 | O4: 0 | P4: 0 | Q4: 0 | R4: 0 | S4: 0 | T4: 0 | U4: 0 | V4: 0 | W4: 0 | X4: 0 | Y4: 0 | Z4: 0 | AA4: 0 | AB4: 0 | AC4: 0 | AD4: 0 | AE4: 0 | AF4: 0 | AG4: 0 | AH4: 0 | AI4: 0 | AJ4: 0 | AK4: 0 | AL4: 0 | AM4: 0
A5: Cerianthus lloydi | B5: 0 | C5: 0 | D5: 0 | E5: 0 | F5: 0 | G5: 0 | H5: 0 | I5: 0 | J5: 0 | K5: 0 | L5: 0 | M5: 0 | N5: 0 | O5: 0 | P5: 0 | Q5: 0 | R5: 0 | S5: 0 | T5: 0 | U5: 0 | V5: 0 | W5: 0 | X5: 0 | Y5: 0 | Z5: 0 | AA5: 0 | AB5: 0 | AC5: 0 | AD5: 0 | AE5: 0 | AF5: 0 | AG5: 0 | AH5: 0 | AI5: 0 | AJ5: 0 | AK5: 0 | AL5: 0 | AM5: 0
A6: Alcionacea sp.A | B6: 0 | C6: 0 | D6: 0 | E6: 0 | F6: 0 | G6: 0 | H6: 0 | I6: 0 | J6: 0 | K6: 0 | L6: 0 | M6: 0 | N6: 0 | O6: 0 | P6: 0 | Q6: 0 | R6: 0 | S6: 0 | T6: 0 | U6: 0 | V6: 0 | W6: 0 | X6: 0 | Y6: 0 | Z6: 0 | AA6: 0 | AB6: 0 | AC6: 0 | AD6: 0 | AE6: 0 | AF6: 0 | AG6: 0 | AH6: 0 | AI6: 0 | AJ6: 0 | AK6: 0 | AL6: 0 | AM6: 0
A7: Alcionacea sp.B | B7: 0 | C7: 0 | D7: 0 | E7: 0 | F7: 0.00089798666 | G7: 0 | H7: 0 | I7: 0 | J7: 0 | K7: 0 | L7: 0 | M7: 0 | N7: 0 | O7: 0 | P7: 0 | Q7: 0 | R7: 0 | S7: 0 | T7: 0 | U7: 0 | V7: 0 | W7: 0 | X7: 0 | Y7: 0 | Z7: 0 | AA7: 0 | AB7: 0 | AC7: 0 | AD7: 0 | AE7: 0 | AF7: 0 | AG7: 0 | AH7: 0 | AI7: 0 | AJ7: 0 | AK7: 0 | AL7: 0 | AM7: 0
A8: Actinia sp. | B8: 0 | C8: 0 | D8: 0 | E8: 0.001136754 | F8: 6.9092648e-05 | G8: 0 | H8: 0 | I8: 0 | J8: 0 | K8: 0 | L8: 0 | M8: 0 | N8: 0 | O8: 0 | P8: 0 | Q8: 0 | R8: 0 | S8: 0 | T8: 0 | U8: 0 | V8: 0 | W8: 0 | X8: 0 | Y8: 0 | Z8: 0 | AA8: 0 | AB8: 0 | AC8: 0 | AD8: 0 | AE8: 0 | AF8: 0 | AG8: 0 | AH8: 0 | AI8: 0 | AJ8: 0 | AK8: 0 | AL8: 0 | AM8: 0
A9: Nemertini gen.sp. | B9: 0 | C9: 0.00020821239 | D9: 0.0005684201 | E9: 0.0558413 | F9: 0.009198861 | G9: 0.0031870026 | H9: 0 | I9: 0 | J9: 0.0012518062 | K9: 0 | L9: 0 | M9: 0 | N9: 0 | O9: 0 | P9: 0 | Q9: 0 | R9: 0 | S9: 0 | T9: 0 | U9: 0 | V9: 0 | W9: 0 | X9: 0 | Y9: 0.022814453 | Z9: 0.0023279203 | AA9: 0 | AB9: 0 | AC9: 0 | AD9: 0.0044070373 | AE9: 0 | AF9: 0 | AG9: 0.00058015269 | AH9: 0 | AI9: 0 | AJ9: 0.0010100402 | AK9: 0.0061772571 | AL9: 0.00039945956 | AM9: 0
A10: Amage auricula | B10: 0 | C10: 0 | D10: 0 | E10: 0 | F10: 0.0031202461 | G10: 0 | H10: 0 | I10: 0 | J10: 0 | K10: 0 | L10: 0 | M10: 0 | N10: 0 | O10: 0 | P10: 0 | Q10: 0 | R10: 0 | S10: 0 | T10: 0 | U10: 0 | V10: 0 | W10: 0 | X10: 0 | Y10: 0 | Z10: 0 | AA10: 0 | AB10: 0 | AC10: 0 | AD10: 0 | AE10: 0 | AF10: 0 | AG10: 0 | AH10: 0 | AI10: 0 | AJ10: 0 | AK10: 0 | AL10: 0 | AM10: 0
A11: Ampharete acutifrons | B11: 0.012173418 | C11: 0.0044259509 | D11: 0.00010048343 | E11: 0.00066022806 | F11: 0 | G11: 0 | H11: 0 | I11: 0 | J11: 0.0092644027 | K11: 0 | L11: 0 | M11: 0 | N11: 0 | O11: 0 | P11: 0 | Q11: 0 | R11: 0 | S11: 0 | T11: 0 | U11: 0 | V11: 0 | W11: 0 | X11: 0 | Y11: 0 | Z11: 0 | AA11: 0 | AB11: 0 | AC11: 0 | AD11: 0 | AE11: 0 | AF11: 0 | AG11: 0 | AH11: 0 | AI11: 0 | AJ11: 0 | AK11: 0 | AL11: 0 | AM11: 0
A12: Ampharete borealis | B12: 0 | C12: 0 | D12: 0.00087810979 | E12: 0.0091309358 | F12: 0.00017273162 | G12: 0 | H12: 0 | I12: 0 | J12: 0 | K12: 0 | L12: 0 | M12: 0 | N12: 0 | O12: 0 | P12: 0 | Q12: 0 | R12: 0 | S12: 0 | T12: 0 | U12: 0 | V12: 0 | W12: 0 | X12: 0 | Y12: 0 | Z12: 0 | AA12: 0 | AB12: 0 | AC12: 0 | AD12: 0 | AE12: 0 | AF12: 0 | AG12: 0 | AH12: 0 | AI12: 0 | AJ12: 0 | AK12: 0 | AL12: 0 | AM12: 0
A13: Ampharete finmarchica | B13: 0 | C13: 0 | D13: 0 | E13: 0 | F13: 0.0010433172 | G13: 0 | H13: 0 | I13: 0 | J13: 0 | K13: 0 | L13: 0 | M13: 0 | N13: 0 | O13: 0 | P13: 0 | Q13: 0 | R13: 0 | S13: 0 | T13: 0 | U13: 0 | V13: 0 | W13: 0 | X13: 0 | Y13: 0 | Z13: 0 | AA13: 0 | AB13: 0 | AC13: 0 | AD13: 0 | AE13: 0 | AF13: 0 | AG13: 0 | AH13: 0 | AI13: 0 | AJ13: 0 | AK13: 0 | AL13: 0 | AM13: 0
... A205: Cucumaria glacialis | B205: 0 | C205: 0 | D205: 0 | E205: 0 | F205: 0 | G205: 0 | H205: 0 | I205: 0 | J205: 0 | K205: 0 | L205: 0 | M205: 0 | N205: 0 | O205: 0 | P205: 0 | Q205: 0 | R205: 0 | S205: 0 | T205: 0 | U205: 0 | V205: 0 | W205: 0 | X205: 0 | Y205: 0 | Z205: 0 | AA205: 0 | AB205: 0 | AC205: 0 | AD205: 0 | AE205: 0 | AF205: 0 | AG205: 0 | AH205: 0 | AI205: 0 | AJ205: 0 | AK205: 0 | AL205: 0 | AM205: 0

Sheet N_east
B1: 4999 | C1: 5000 | D1: 5001 | E1: 5002 | F1: 5003 | G1: 4993 | H1: 4994 | I1: 4995 | J1: 4996 | K1: 2 | L1: 4 | M1: 5 | N1: 6 | O1: 8 | P1: 10 | Q1: 15 | R1: 17 | S1: 23 | T1: 25 | U1: 27 | V1: 31 | W1: 33 | X1: 37 | Y1: 39 | Z1: 40 | AA1: 41 | AB1: 43 | AC1: 44 | AD1: 45 | AE1: 47 | AF1: 48 | AG1: 50 | AH1: 51 | AI1: 53 | AJ1: 54 | AK1: 55 | AL1: 57 | AM1: 58
A2: Tealia felina | B2: 2 | C2: 2 | D2: 0 | E2: 4 | F2: 0 | G2: 0 | H2: 0 | I2: 0 | J2: 0 | K2: 0 | L2: 0 | M2: 0 | N2: 0 | O2: 0 | P2: 0 | Q2: 0 | R2: 0 | S2: 0 | T2: 0 | U2: 0 | V2: 0 | W2: 0 | X2: 0 | Y2: 0 | Z2: 0 | AA2: 0 | AB2: 0 | AC2: 0 | AD2: 0 | AE2: 0 | AF2: 0 | AG2: 0 | AH2: 0 | AI2: 0 | AJ2: 0 | AK2: 0 | AL2: 0 | AM2: 0
A3: Edwardsia sp. | B3: 0 | C3: 0 | D3: 0 | E3: 0 | F3: 0 | G3: 0 | H3: 0 | I3: 0 | J3: 0 | K3: 0 | L3: 0 | M3: 0 | N3: 0 | O3: 0 | P3: 0 | Q3: 0 | R3: 0 | S3: 0 | T3: 0 | U3: 0 | V3: 0 | W3: 0 | X3: 0 | Y3: 0 | Z3: 0 | AA3: 0 | AB3: 0 | AC3: 0 | AD3: 0 | AE3: 0 | AF3: 0 | AG3: 0 | AH3: 0 | AI3: 0 | AJ3: 0 | AK3: 8 | AL3: 0 | AM3: 0
A4: Paraedwardsia arenaria | B4: 0 | C4: 0 | D4: 0 | E4: 6 | F4: 0 | G4: 0 | H4: 0 | I4: 0 | J4: 0 | K4: 0 | L4: 0 | M4: 0 | N4: 0 | O4: 0 | P4: 0 | Q4: 0 | R4: 0 | S4: 0 | T4: 0 | U4: 0 | V4: 0 | W4: 0 | X4: 0 | Y4: 0 | Z4: 0 | AA4: 0 | AB4: 0 | AC4: 0 | AD4: 0 | AE4: 0 | AF4: 0 | AG4: 0 | AH4: 0 | AI4: 0 | AJ4: 0 | AK4: 0 | AL4: 0 | AM4: 0
A5: Cerianthus lloydi | B5: 0 | C5: 0 | D5: 0 | E5: 0 | F5: 0 | G5: 0 | H5: 0 | I5: 0 | J5: 0 | K5: 0 | L5: 0 | M5: 0 | N5: 0 | O5: 0 | P5: 0 | Q5: 0 | R5: 0 | S5: 0 | T5: 0 | U5: 0 | V5: 0 | W5: 0 | X5: 0 | Y5: 0 | Z5: 0 | AA5: 0 | AB5: 0 | AC5: 0 | AD5: 0 | AE5: 0 | AF5: 0 | AG5: 0 | AH5: 0 | AI5: 0 | AJ5: 0 | AK5: 0 | AL5: 0 | AM5: 0
A6: Alcionacea sp.A | B6: 0 | C6: 0 | D6: 0 | E6: 0 | F6: 0 | G6: 0 | H6: 0 | I6: 0 | J6: 0 | K6: 0 | L6: 0 | M6: 0 | N6: 0 | O6: 0 | P6: 0 | Q6: 0 | R6: 0 | S6: 0 | T6: 0 | U6: 0 | V6: 0 | W6: 0 | X6: 0 | Y6: 0 | Z6: 0 | AA6: 0 | AB6: 0 | AC6: 0 | AD6: 0 | AE6: 0 | AF6: 0 | AG6: 0 | AH6: 0 | AI6: 0 | AJ6: 0 | AK6: 0 | AL6: 0 | AM6: 0
A7: Alcionacea sp.B | B7: 0 | C7: 0 | D7: 0 | E7: 0 | F7: 2 | G7: 0 | H7: 0 | I7: 0 | J7: 0 | K7: 0 | L7: 0 | M7: 0 | N7: 0 | O7: 0 | P7: 0 | Q7: 0 | R7: 0 | S7: 0 | T7: 0 | U7: 0 | V7: 0 | W7: 0 | X7: 0 | Y7: 0 | Z7: 0 | AA7: 0 | AB7: 0 | AC7: 0 | AD7: 0 | AE7: 0 | AF7: 0 | AG7: 0 | AH7: 0 | AI7: 0 | AJ7: 0 | AK7: 0 | AL7: 0 | AM7: 0
A8: Actinia sp. | B8: 0 | C8: 0 | D8: 0 | E8: 10 | F8: 4 | G8: 0 | H8: 0 | I8: 0 | J8: 0 | K8: 0 | L8: 0 | M8: 0 | N8: 0 | O8: 0 | P8: 0 | Q8: 0 | R8: 0 | S8: 0 | T8: 0 | U8: 0 | V8: 0 | W8: 0 | X8: 0 | Y8: 0 | Z8: 0 | AA8: 0 | AB8: 0 | AC8: 0 | AD8: 0 | AE8: 0 | AF8: 0 | AG8: 0 | AH8: 0 | AI8: 0 | AJ8: 0 | AK8: 0 | AL8: 0 | AM8: 0
A9: Nemertini gen.sp. | B9: 0 | C9: 6 | D9: 4 | E9: 70 | F9: 20 | G9: 69.9993 | H9: 0 | I9: 0 | J9: 3.3333 | K9: 0 | L9: 0 | M9: 0 | N9: 0 | O9: 0 | P9: 0 | Q9: 0 | R9: 0 | S9: 0 | T9: 0 | U9: 0 | V9: 0 | W9: 0 | X9: 0 | Y9: 40 | Z9: 30 | AA9: 0 | AB9: 0 | AC9: 0 | AD9: 23.3331 | AE9: 0 | AF9: 0 | AG9: 4 | AH9: 0 | AI9: 0 | AJ9: 6 | AK9: 8 | AL9: 2 | AM9: 0
A10: Amage auricula | B10: 0 | C10: 0 | D10: 0 | E10: 0 | F10: 20 | G10: 0 | H10: 0 | I10: 0 | J10: 0 | K10: 0 | L10: 0 | M10: 0 | N10: 0 | O10: 0 | P10: 0 | Q10: 0 | R10: 0 | S10: 0 | T10: 0 | U10: 0 | V10: 0 | W10: 0 | X10: 0 | Y10: 0 | Z10: 0 | AA10: 0 | AB10: 0 | AC10: 0 | AD10: 0 | AE10: 0 | AF10: 0 | AG10: 0 | AH10: 0 | AI10: 0 | AJ10: 0 | AK10: 0 | AL10: 0 | AM10: 0
A11: Ampharete acutifrons | B11: 20 | C11: 8 | D11: 2 | E11: 4 | F11: 0 | G11: 0 | H11: 0 | I11: 0 | J11: 9.9999 | K11: 0 | L11: 0 | M11: 0 | N11: 0 | O11: 0 | P11: 0 | Q11: 0 | R11: 0 | S11: 0 | T11: 0 | U11: 0 | V11: 0 | W11: 0 | X11: 0 | Y11: 0 | Z11: 0 | AA11: 0 | AB11: 0 | AC11: 0 | AD11: 0 | AE11: 0 | AF11: 0 | AG11: 0 | AH11: 0 | AI11: 0 | AJ11: 0 | AK11: 0 | AL11: 0 | AM11: 0
A12: Ampharete borealis | B12: 0 | C12: 0 | D12: 2 | E12: 6 | F12: 2 | G12: 0 | H12: 0 | I12: 0 | J12: 0 | K12: 0 | L12: 0 | M12: 0 | N12: 0 | O12: 0 | P12: 0 | Q12: 0 | R12: 0 | S12: 0 | T12: 0 | U12: 0 | V12: 0 | W12: 0 | X12: 0 | Y12: 0 | Z12: 0 | AA12: 0 | AB12: 0 | AC12: 0 | AD12: 0 | AE12: 0 | AF12: 0 | AG12: 0 | AH12: 0 | AI12: 0 | AJ12: 0 | AK12: 0 | AL12: 0 | AM12: 0
A13: Ampharete finmarchica | B13: 0 | C13: 0 | D13: 0 | E13: 0 | F13: 2 | G13: 0 | H13: 0 | I13: 0 | J13: 0 | K13: 0 | L13: 0 | M13: 0 | N13: 0 | O13: 0 | P13: 0 | Q13: 0 | R13: 0 | S13: 0 | T13: 0 | U13: 0 | V13: 0 | W13: 0 | X13: 0 | Y13: 0 | Z13: 0 | AA13: 0 | AB13: 0 | AC13: 0 | AD13: 0 | AE13: 0 | AF13: 0 | AG13: 0 | AH13: 0 | AI13: 0 | AJ13: 0 | AK13: 0 | AL13: 0 | AM13: 0
... A205: Cucumaria glacialis | B205: 0 | C205: 0 | D205: 0 | E205: 0 | F205: 0 | G205: 0 | H205: 0 | I205: 0 | J205: 0 | K205: 0 | L205: 0 | M205: 0 | N205: 0 | O205: 0 | P205: 0 | Q205: 0 | R205: 0 | S205: 0 | T205: 0 | U205: 0 | V205: 0 | W205: 0 | X205: 0 | Y205: 0 | Z205: 0 | AA205: 0 | AB205: 0 | AC205: 0 | AD205: 0 | AE205: 0 | AF205: 0 | AG205: 0 | AH205: 0 | AI205: 0 | AJ205: 0 | AK205: 0 | AL205: 0 | AM205: 0

Sheet +-_east
B1: 4999 | C1: 5000 | D1: 5001 | E1: 5002 | F1: 5003 | G1: 4993 | H1: 4994 | I1: 4995 | J1: 4996 | K1: 2 | L1: 4 | M1: 5 | N1: 6 | O1: 8 | P1: 10 | Q1: 15 | R1: 17 | S1: 23 | T1: 25 | U1: 27 | V1: 31 | W1: 33 | X1: 37 | Y1: 39 | Z1: 40 | AA1: 41 | AB1: 43 | AC1: 44 | AD1: 45 | AE1: 47 | AF1: 48 | AG1: 50 | AH1: 51 | AI1: 53 | AJ1: 54 | AK1: 55 | AL1: 57 | AM1: 58
A2: Tealia felina | B2: =IF(N_east!B2>0,1,0) -> 1 | C2: =IF(N_east!C2>0,1,0) -> 1 | D2: =IF(N_east!D2>0,1,0) -> 0 | E2: =IF(N_east!E2>0,1,0) -> 1 | F2: =IF(N_east!F2>0,1,0) -> 0 | G2: =IF(N_east!G2>0,1,0) -> 0 | H2: =IF(N_east!H2>0,1,0) -> 0 | I2: =IF(N_east!I2>0,1,0) -> 0 | ... AM2: =IF(N_east!AM2>0,1,0) -> 0
A3: Edwardsia sp. | B3: =IF(N_east!B3>0,1,0) -> 0 | C3: =IF(N_east!C3>0,1,0) -> 0 | D3: =IF(N_east!D3>0,1,0) -> 0 | E3: =IF(N_east!E3>0,1,0) -> 0 | F3: =IF(N_east!F3>0,1,0) -> 0 | G3: =IF(N_east!G3>0,1,0) -> 0 | H3: =IF(N_east!H3>0,1,0) -> 0 | I3: =IF(N_east!I3>0,1,0) -> 0 | ... AM3: =IF(N_east!AM3>0,1,0) -> 0
A4: Paraedwardsia arenaria | B4: =IF(N_east!B4>0,1,0) -> 0 | C4: =IF(N_east!C4>0,1,0) -> 0 | D4: =IF(N_east!D4>0,1,0) -> 0 | E4: =IF(N_east!E4>0,1,0) -> 1 | F4: =IF(N_east!F4>0,1,0) -> 0 | G4: =IF(N_east!G4>0,1,0) -> 0 | H4: =IF(N_east!H4>0,1,0) -> 0 | I4: =IF(N_east!I4>0,1,0) -> 0 | ... AM4: =IF(N_east!AM4>0,1,0) -> 0
A5: Cerianthus lloydi | B5: =IF(N_east!B5>0,1,0) -> 0 | C5: =IF(N_east!C5>0,1,0) -> 0 | D5: =IF(N_east!D5>0,1,0) -> 0 | E5: =IF(N_east!E5>0,1,0) -> 0 | F5: =IF(N_east!F5>0,1,0) -> 0 | G5: =IF(N_east!G5>0,1,0) -> 0 | H5: =IF(N_east!H5>0,1,0) -> 0 | I5: =IF(N_east!I5>0,1,0) -> 0 | ... AM5: =IF(N_east!AM5>0,1,0) -> 0
A6: Alcionacea sp.A | B6: =IF(N_east!B6>0,1,0) -> 0 | C6: =IF(N_east!C6>0,1,0) -> 0 | D6: =IF(N_east!D6>0,1,0) -> 0 | E6: =IF(N_east!E6>0,1,0) -> 0 | F6: =IF(N_east!F6>0,1,0) -> 0 | G6: =IF(N_east!G6>0,1,0) -> 0 | H6: =IF(N_east!H6>0,1,0) -> 0 | I6: =IF(N_east!I6>0,1,0) -> 0 | ... AM6: =IF(N_east!AM6>0,1,0) -> 0
A7: Alcionacea sp.B | B7: =IF(N_east!B7>0,1,0) -> 0 | C7: =IF(N_east!C7>0,1,0) -> 0 | D7: =IF(N_east!D7>0,1,0) -> 0 | E7: =IF(N_east!E7>0,1,0) -> 0 | F7: =IF(N_east!F7>0,1,0) -> 1 | G7: =IF(N_east!G7>0,1,0) -> 0 | H7: =IF(N_east!H7>0,1,0) -> 0 | I7: =IF(N_east!I7>0,1,0) -> 0 | ... AM7: =IF(N_east!AM7>0,1,0) -> 0
A8: Actinia sp. | B8: =IF(N_east!B8>0,1,0) -> 0 | C8: =IF(N_east!C8>0,1,0) -> 0 | D8: =IF(N_east!D8>0,1,0) -> 0 | E8: =IF(N_east!E8>0,1,0) -> 1 | F8: =IF(N_east!F8>0,1,0) -> 1 | G8: =IF(N_east!G8>0,1,0) -> 0 | H8: =IF(N_east!H8>0,1,0) -> 0 | I8: =IF(N_east!I8>0,1,0) -> 0 | ... AM8: =IF(N_east!AM8>0,1,0) -> 0
A9: Nemertini gen.sp. | B9: =IF(N_east!B9>0,1,0) -> 0 | C9: =IF(N_east!C9>0,1,0) -> 1 | D9: =IF(N_east!D9>0,1,0) -> 1 | E9: =IF(N_east!E9>0,1,0) -> 1 | F9: =IF(N_east!F9>0,1,0) -> 1 | G9: =IF(N_east!G9>0,1,0) -> 1 | H9: =IF(N_east!H9>0,1,0) -> 0 | I9: =IF(N_east!I9>0,1,0) -> 0 | ... AM9: =IF(N_east!AM9>0,1,0) -> 0
A10: Amage auricula | B10: =IF(N_east!B10>0,1,0) -> 0 | C10: =IF(N_east!C10>0,1,0) -> 0 | D10: =IF(N_east!D10>0,1,0) -> 0 | E10: =IF(N_east!E10>0,1,0) -> 0 | F10: =IF(N_east!F10>0,1,0) -> 1 | G10: =IF(N_east!G10>0,1,0) -> 0 | H10: =IF(N_east!H10>0,1,0) -> 0 | I10: =IF(N_east!I10>0,1,0) -> 0 | ... AM10: =IF(N_east!AM10>0,1,0) -> 0
A11: Ampharete acutifrons | B11: =IF(N_east!B11>0,1,0) -> 1 | C11: =IF(N_east!C11>0,1,0) -> 1 | D11: =IF(N_east!D11>0,1,0) -> 1 | E11: =IF(N_east!E11>0,1,0) -> 1 | F11: =IF(N_east!F11>0,1,0) -> 0 | G11: =IF(N_east!G11>0,1,0) -> 0 | H11: =IF(N_east!H11>0,1,0) -> 0 | I11: =IF(N_east!I11>0,1,0) -> 0 | ... AM11: =IF(N_east!AM11>0,1,0) -> 0
A12: Ampharete borealis | B12: =IF(N_east!B12>0,1,0) -> 0 | C12: =IF(N_east!C12>0,1,0) -> 0 | D12: =IF(N_east!D12>0,1,0) -> 1 | E12: =IF(N_east!E12>0,1,0) -> 1 | F12: =IF(N_east!F12>0,1,0) -> 1 | G12: =IF(N_east!G12>0,1,0) -> 0 | H12: =IF(N_east!H12>0,1,0) -> 0 | I12: =IF(N_east!I12>0,1,0) -> 0 | ... AM12: =IF(N_east!AM12>0,1,0) -> 0
A13: Ampharete finmarchica | B13: =IF(N_east!B13>0,1,0) -> 0 | C13: =IF(N_east!C13>0,1,0) -> 0 | D13: =IF(N_east!D13>0,1,0) -> 0 | E13: =IF(N_east!E13>0,1,0) -> 0 | F13: =IF(N_east!F13>0,1,0) -> 1 | G13: =IF(N_east!G13>0,1,0) -> 0 | H13: =IF(N_east!H13>0,1,0) -> 0 | I13: =IF(N_east!I13>0,1,0) -> 0 | ... AM13: =IF(N_east!AM13>0,1,0) -> 0
... A205: Cucumaria glacialis | B205: =IF(N_east!B205>0,1,0) -> 0 | C205: =IF(N_east!C205>0,1,0) -> 0 | D205: =IF(N_east!D205>0,1,0) -> 0 | E205: =IF(N_east!E205>0,1,0) -> 0 | F205: =IF(N_east!F205>0,1,0) -> 0 | G205: =IF(N_east!G205>0,1,0) -> 0 | H205: =IF(N_east!H205>0,1,0) -> 0 | I205: =IF(N_east!I205>0,1,0) -> 0 | ... AM205: =IF(N_east!AM205>0,1,0) -> 0

Sheet B_east
B1: 4999 | C1: 5000 | D1: 5001 | E1: 5002 | F1: 5003 | G1: 4993 | H1: 4994 | I1: 4995 | J1: 4996 | K1: 2 | L1: 4 | M1: 5 | N1: 6 | O1: 8 | P1: 10 | Q1: 15 | R1: 17 | S1: 23 | T1: 25 | U1: 27 | V1: 31 | W1: 33 | X1: 37 | Y1: 39 | Z1: 40 | AA1: 41 | AB1: 43 | AC1: 44 | AD1: 45 | AE1: 47 | AF1: 48 | AG1: 50 | AH1: 51 | AI1: 53 | AJ1: 54 | AK1: 55 | AL1: 57 | AM1: 58
A2: Tealia felina | B2: 4.594 | C2: 3.936 | D2: 0 | E2: 18.714 | F2: 0 | G2: 0 | H2: 0 | I2: 0 | J2: 0 | K2: 0 | L2: 0 | M2: 0 | N2: 0 | O2: 0 | P2: 0 | Q2: 0 | R2: 0 | S2: 0 | T2: 0 | U2: 0 | V2: 0 | W2: 0 | X2: 0 | Y2: 0 | Z2: 0 | AA2: 0 | AB2: 0 | AC2: 0 | AD2: 0 | AE2: 0 | AF2: 0 | AG2: 0 | AH2: 0 | AI2: 0 | AJ2: 0 | AK2: 0 | AL2: 0 | AM2: 0
A3: Edwardsia sp. | B3: 0 | C3: 0 | D3: 0 | E3: 0 | F3: 0 | G3: 0 | H3: 0 | I3: 0 | J3: 0 | K3: 0 | L3: 0 | M3: 0 | N3: 0 | O3: 0 | P3: 0 | Q3: 0 | R3: 0 | S3: 0 | T3: 0 | U3: 0 | V3: 0 | W3: 0 | X3: 0 | Y3: 0 | Z3: 0 | AA3: 0 | AB3: 0 | AC3: 0 | AD3: 0 | AE3: 0 | AF3: 0 | AG3: 0 | AH3: 0 | AI3: 0 | AJ3: 0 | AK3: 0.004 | AL3: 0 | AM3: 0
A4: Paraedwardsia arenaria | B4: 0 | C4: 0 | D4: 0 | E4: 0.004 | F4: 0 | G4: 0 | H4: 0 | I4: 0 | J4: 0 | K4: 0 | L4: 0 | M4: 0 | N4: 0 | O4: 0 | P4: 0 | Q4: 0 | R4: 0 | S4: 0 | T4: 0 | U4: 0 | V4: 0 | W4: 0 | X4: 0 | Y4: 0 | Z4: 0 | AA4: 0 | AB4: 0 | AC4: 0 | AD4: 0 | AE4: 0 | AF4: 0 | AG4: 0 | AH4: 0 | AI4: 0 | AJ4: 0 | AK4: 0 | AL4: 0 | AM4: 0
A5: Cerianthus lloydi | B5: 0 | C5: 0 | D5: 0 | E5: 0 | F5: 0 | G5: 0 | H5: 0 | I5: 0 | J5: 0 | K5: 0 | L5: 0 | M5: 0 | N5: 0 | O5: 0 | P5: 0 | Q5: 0 | R5: 0 | S5: 0 | T5: 0 | U5: 0 | V5: 0 | W5: 0 | X5: 0 | Y5: 0 | Z5: 0 | AA5: 0 | AB5: 0 | AC5: 0 | AD5: 0 | AE5: 0 | AF5: 0 | AG5: 0 | AH5: 0 | AI5: 0 | AJ5: 0 | AK5: 0 | AL5: 0 | AM5: 0
A6: Alcionacea sp.A | B6: 0 | C6: 0 | D6: 0 | E6: 0 | F6: 0.664 | G6: 0 | H6: 0 | I6: 0 | J6: 0 | K6: 0 | L6: 0 | M6: 0 | N6: 0 | O6: 0 | P6: 0 | Q6: 0 | R6: 0 | S6: 0 | T6: 0 | U6: 0 | V6: 0 | W6: 0 | X6: 0 | Y6: 0 | Z6: 0 | AA6: 0 | AB6: 0 | AC6: 0 | AD6: 0 | AE6: 0 | AF6: 0 | AG6: 0 | AH6: 0 | AI6: 0 | AJ6: 0 | AK6: 0 | AL6: 0 | AM6: 0
A7: Alcionacea sp.B | B7: 0 | C7: 0 | D7: 0 | E7: 0 | F7: 0.154 | G7: 0 | H7: 0 | I7: 0 | J7: 0 | K7: 0 | L7: 0 | M7: 0 | N7: 0 | O7: 0 | P7: 0 | Q7: 0 | R7: 0 | S7: 0 | T7: 0 | U7: 0 | V7: 0 | W7: 0 | X7: 0 | Y7: 0 | Z7: 0 | AA7: 0 | AB7: 0 | AC7: 0 | AD7: 0 | AE7: 0 | AF7: 0 | AG7: 0 | AH7: 0 | AI7: 0 | AJ7: 0 | AK7: 0 | AL7: 0 | AM7: 0
A8: Actinia sp. | B8: 0 | C8: 0 | D8: 0 | E8: 0.026 | F8: 0.004 | G8: 0 | H8: 0 | I8: 0 | J8: 0 | K8: 0 | L8: 0 | M8: 0 | N8: 0 | O8: 0 | P8: 0 | Q8: 0 | R8: 0 | S8: 0 | T8: 0 | U8: 0 | V8: 0 | W8: 0 | X8: 0 | Y8: 0 | Z8: 0 | AA8: 0 | AB8: 0 | AC8: 0 | AD8: 0 | AE8: 0 | AF8: 0 | AG8: 0 | AH8: 0 | AI8: 0 | AJ8: 0 | AK8: 0 | AL8: 0 | AM8: 0
A9: Nemertini gen.sp. | B9: 0 | C9: 0.004 | D9: 0.016 | E9: 0.286 | F9: 0.186 | G9: 0.1766649 | H9: 0 | I9: 0 | J9: 0.0199998 | K9: 0 | L9: 0 | M9: 0 | N9: 0 | O9: 0 | P9: 0 | Q9: 0 | R9: 0 | S9: 0 | T9: 0 | U9: 0 | V9: 0 | W9: 0 | X9: 0 | Y9: 0.66 | Z9: 0.36 | AA9: 0 | AB9: 0 | AC9: 0 | AD9: 0.0899991 | AE9: 0 | AF9: 0 | AG9: 0.006 | AH9: 0 | AI9: 0 | AJ9: 0.012 | AK9: 0.074 | AL9: 0.002 | AM9: 0
A10: Amage auricula | B10: 0 | C10: 0 | D10: 0 | E10: 0 | F10: 0.044 | G10: 0 | H10: 0 | I10: 0 | J10: 0 | K10: 0 | L10: 0 | M10: 0 | N10: 0 | O10: 0 | P10: 0 | Q10: 0 | R10: 0 | S10: 0 | T10: 0 | U10: 0 | V10: 0 | W10: 0 | X10: 0 | Y10: 0 | Z10: 0 | AA10: 0 | AB10: 0 | AC10: 0 | AD10: 0 | AE10: 0 | AF10: 0 | AG10: 0 | AH10: 0 | AI10: 0 | AJ10: 0 | AK10: 0 | AL10: 0 | AM10: 0
A11: Ampharete acutifrons | B11: 0.238 | C11: 0.214 | D11: 0.002 | E11: 0.002 | F11: 0 | G11: 0 | H11: 0 | I11: 0 | J11: 0.199998 | K11: 0 | L11: 0 | M11: 0 | N11: 0 | O11: 0 | P11: 0 | Q11: 0 | R11: 0 | S11: 0 | T11: 0 | U11: 0 | V11: 0 | W11: 0 | X11: 0 | Y11: 0 | Z11: 0 | AA11: 0 | AB11: 0 | AC11: 0 | AD11: 0 | AE11: 0 | AF11: 0 | AG11: 0 | AH11: 0 | AI11: 0 | AJ11: 0 | AK11: 0 | AL11: 0 | AM11: 0
A12: Ampharete borealis | B12: 0 | C12: 0 | D12: 0.036 | E12: 0.058 | F12: 0.002 | G12: 0 | H12: 0 | I12: 0 | J12: 0 | K12: 0 | L12: 0 | M12: 0 | N12: 0 | O12: 0 | P12: 0 | Q12: 0 | R12: 0 | S12: 0 | T12: 0 | U12: 0 | V12: 0 | W12: 0 | X12: 0 | Y12: 0 | Z12: 0 | AA12: 0 | AB12: 0 | AC12: 0 | AD12: 0 | AE12: 0 | AF12: 0 | AG12: 0 | AH12: 0 | AI12: 0 | AJ12: 0 | AK12: 0 | AL12: 0 | AM12: 0
A13: Ampharete finmarchica | B13: 0 | C13: 0 | D13: 0 | E13: 0 | F13: 0.022 | G13: 0 | H13: 0 | I13: 0 | J13: 0 | K13: 0 | L13: 0 | M13: 0 | N13: 0 | O13: 0 | P13: 0 | Q13: 0 | R13: 0 | S13: 0 | T13: 0 | U13: 0 | V13: 0 | W13: 0 | X13: 0 | Y13: 0 | Z13: 0 | AA13: 0 | AB13: 0 | AC13: 0 | AD13: 0 | AE13: 0 | AF13: 0 | AG13: 0 | AH13: 0 | AI13: 0 | AJ13: 0 | AK13: 0 | AL13: 0 | AM13: 0
... A205: Cucumaria glacialis | B205: 0 | C205: 0 | D205: 0 | E205: 0 | F205: 0 | G205: 0 | H205: 0 | I205: 0 | J205: 0 | K205: 0 | L205: 0 | M205: 0 | N205: 0 | O205: 0 | P205: 0 | Q205: 0 | R205: 0 | S205: 0 | T205: 0 | U205: 0 | V205: 0 | W205: 0 | X205: 0 | Y205: 0 | Z205: 0 | AA205: 0 | AB205: 0 | AC205: 0 | AD205: 0 | AE205: 0 | AF205: 0 | AG205: 0 | AH205: 0 | AI205: 0 | AJ205: 0 | AK205: 0 | AL205: 0 | AM205: 0

Sheet comm
A1: station | B1: 4999 | C1: 5000 | D1: 5001 | E1: 5002 | F1: 5003 | G1: 4993 | H1: 4994 | I1: 4995 | J1: 4996 | K1: 2 | L1: 4 | M1: 5 | N1: 6 | O1: 8 | P1: 10 | Q1: 15 | R1: 17 | S1: 23 | T1: 25 | U1: 27 | V1: 31 | W1: 33 | X1: 37 | Y1: 39 | Z1: 40 | AA1: 41 | AB1: 43 | AC1: 44 | AD1: 45 | AE1: 47 | AF1: 48 | AG1: 50 | AH1: 51 | AI1: 53 | AJ1: 54 | AK1: 55 | AL1: 57 | AM1: 58
A2: community | B2: Море | C2: Море | D2: Море | E2: Море | F2: Море | G2: Обская губа основная | H2: Обская губа основная | I2: Переходная группа 11 | J2: Переходная группа 1 | K2: Пресноводные | L2: Пресноводные | M2: Пресноводные | N2: Пресноводные | O2: Пресноводные | P2: Пресноводные | Q2: Пресноводные | R2: Пресноводные | S2: Обская губа основная | T2: Обская губа основная | U2: Обская губа основная | V2: Обская губа основная | W2: Обская губа основная | X2: Обская губа основная | Y2: Обская губа основная | Z2: Обская губа основная | AA2: Обская губа основная | AB2: Обская губа основная | AC2: Обская губа основная | AD2: Обская губа основная | AE2: Обская губа основная | AF2: Обская губа основная | AG2: Обская губа основная | AH2: Обская губа основная | AI2: Переходная группа 11 | AJ2: Переходная группа 11 | AK2: Переходная группа 1 | AL2: Переходная группа 1 | AM2: Море
